method,event,frame,time,nis,g_t,g_z_eff,q_harm
profile1d_linear__robust_ossm_ukf,fail_slip,564,564.0,0.04556856028227812,0.6726244729454698,0.10157984254450539,0.2517251799228793
profile1d_linear__robust_ossm_ukf,fail_slip,1064,1064.0,0.012635583543669985,0.8173342935240665,0.2508144561310717,0.20521691206104264
profile1d_linear__robust_ossm_ukf,fail_lock,58,58.0,0.0002955810717163453,0.7064682108561158,0.02332324373618854,0.0
profile1d_linear__robust_ossm_ukf,fail_lock,59,59.0,0.00042388622300563,0.7912481083350286,0.02568669595034649,0.0
profile1d_linear__robust_ossm_ukf,fail_lock,60,60.0,0.0006136526859271896,0.8236143414403571,0.02629892248440417,0.0
profile1d_linear__robust_ossm_ukf,fail_lock,61,61.0,0.0008753187977240593,0.8359131927937181,0.02626096439249363,0.0
profile1d_linear__robust_ossm_ukf,fail_lock,62,62.0,0.0011720798579250465,0.8411363541376192,0.026005440312498403,0.0
profile1d_linear__robust_ossm_ukf,fail_lock,63,63.0,0.0014114401654355226,0.843597840421583,0.025673872600212484,0.0
profile1d_linear__robust_ossm_ukf,fail_lock,64,64.0,0.001530637469381441,0.8449920184210555,0.02532059648980382,0.0
profile1d_linear__robust_ossm_ukf,fail_lock,65,65.0,0.0014338001526825964,0.8461786379949301,0.02497197326005843,0.0
profile1d_linear__robust_ossm_ukf,fail_lock,66,66.0,0.0011378542146025525,0.8478490520137123,0.02464792518256093,0.0
profile1d_linear__robust_ossm_ukf,fail_lock,67,67.0,0.0007110921345795622,0.8501392377478084,0.02435123618180816,0.0
profile1d_linear__robust_ossm_ukf,fail_lock,68,68.0,0.00027116319267702954,0.8527595081543572,0.024072519074814593,0.0
profile1d_linear__robust_ossm_ukf,fail_lock,69,69.0,1.1812566142847061e-05,0.8542630155481096,0.02377073496322234,0.0
profile1d_linear__robust_ossm_ukf,fail_lock,70,70.0,0.0001444670825156849,0.8537653276949964,0.023422565783481376,0.0
profile1d_linear__robust_ossm_ukf,fail_lock,71,71.0,0.000841028959594325,0.8516933086017359,0.023041059547955888,0.0
profile1d_linear__robust_ossm_ukf,fail_lock,72,72.0,0.002194881726977109,0.8495974509252461,0.022669287172968323,0.0
profile1d_linear__robust_ossm_ukf,fail_lock,73,73.0,0.004225519810508113,0.8480377358725326,0.022321732857297022,0.0
profile1d_linear__robust_ossm_ukf,fail_lock,74,74.0,0.007032561312078398,0.8471013381762116,0.021999695585366442,0.0
profile1d_linear__robust_ossm_ukf,fail_lock,75,75.0,0.010696908544262237,0.8465092879085795,0.02169500247457259,0.0
profile1d_linear__robust_ossm_ukf,fail_lock,76,76.0,0.015103141599678417,0.8460734264885631,0.02140221578200862,0.0
profile1d_linear__robust_ossm_ukf,fail_lock,77,77.0,0.020007096846824068,0.8456625834983578,0.021117609982930045,0.0
profile1d_linear__robust_ossm_ukf,fail_lock,78,78.0,0.025508992338446564,0.8454068860716634,0.020844084162990273,0.0
profile1d_linear__robust_ossm_ukf,fail_lock,79,79.0,0.031052756707617896,0.8452575813429998,0.0,0.39062529151228226
profile1d_linear__robust_ossm_ukf,fail_lock,80,80.0,0.03701499387986437,0.8456179824636239,0.0,0.37031142118603316
profile1d_linear__robust_ossm_ukf,fail_lock,81,81.0,0.043380640222894784,0.8467991851753762,0.0,0.34844512488324175
profile1d_linear__robust_ossm_ukf,fail_lock,82,82.0,0.04920436930946714,0.8489024060894541,0.0,0.325439966424628
profile1d_linear__robust_ossm_ukf,fail_lock,83,83.0,0.05455178396844867,0.8511043217724247,0.0,0.30170809001810683
profile1d_linear__robust_ossm_ukf,fail_lock,84,84.0,0.05956810231862472,0.8520289795632816,0.0014552347453761691,0.27764043532482807
profile1d_linear__robust_ossm_ukf,fail_lock,85,85.0,0.06482663355578894,0.8505523545025698,0.002979838908504234,0.25359578492771856
profile1d_linear__robust_ossm_ukf,fail_lock,86,86.0,0.0692387650764164,0.8475787426248196,0.004434252518023634,0.22989815309923037
profile1d_linear__robust_ossm_ukf,fail_lock,87,87.0,0.07356578637080163,0.8445980340136318,0.005805167602833316,0.20684187011959554
profile1d_linear__robust_ossm_ukf,fail_lock,88,88.0,0.07685596821268405,0.8425706796701482,0.007087021567149049,0.18470105220569413
profile1d_linear__robust_ossm_ukf,fail_lock,89,89.0,0.07908377269918158,0.8414399864667763,0.008271220817050182,0.1637387979657459
profile1d_linear__robust_ossm_ukf,fail_lock,90,90.0,0.08058002240314795,0.8409159621840347,0.009346595080511047,0.1442129497174864
profile1d_linear__robust_ossm_ukf,fail_lock,91,91.0,0.08068721706237318,0.8405239112594123,0.010298484907701744,0.1263772738396732
profile1d_linear__robust_ossm_ukf,fail_lock,92,92.0,0.08003208879453741,0.8399329076782854,0.016669047704399434,0.11047798808118701
profile1d_linear__robust_ossm_ukf,fail_lock,93,93.0,0.07823912841490507,0.8385842652045102,0.017657115911037403,0.09674618621070061
profile1d_linear__robust_ossm_ukf,fail_lock,94,94.0,0.07585847976701639,0.8359235600705957,0.01838875763195191,0.0853872637030298
profile1d_linear__robust_ossm_ukf,fail_lock,95,95.0,0.07225929704751688,0.8303121529731312,0.01881743716315097,0.07656889498105161
profile1d_linear__robust_ossm_ukf,fail_lock,96,96.0,0.0689128100679537,0.8181783615913446,0.025142635840217285,0.07040938567795915
profile1d_linear__robust_ossm_ukf,fail_lock,97,97.0,0.06461566620800394,0.7872071699848312,0.02430108391348436,0.06696824916097695
profile1d_linear__robust_ossm_ukf,fail_lock,98,98.0,0.0600814440569648,0.7072853364943377,0.02683010042391847,0.06624058935314124
profile1d_linear__robust_ossm_ukf,fail_lock,99,99.0,0.05543469351506818,0.6719447973805605,0.025279748380425893,0.0681562876651725
profile1d_linear__robust_ossm_ukf,fail_lock,100,100.0,0.05175855316553456,0.6724790749050901,0.024816960168059135,0.07258425124342362
profile1d_linear__robust_ossm_ukf,fail_lock,101,101.0,0.048691989613858795,0.6728143724189413,0.024091491488700236,0.07934128320681952
profile1d_linear__robust_ossm_ukf,fail_lock,102,102.0,0.043875272428034434,0.6731322402572536,0.023134614157258825,0.08820441991638822
profile1d_linear__robust_ossm_ukf,fail_lock,103,103.0,0.03742356466663871,0.6735778475779945,0.021978311151004373,0.0989249320879117
profile1d_linear__robust_ossm_ukf,fail_lock,104,104.0,0.031155026656837694,0.674236953275195,0.02065264881362605,0.11124198210092102
profile1d_linear__robust_ossm_ukf,fail_lock,105,105.0,0.02450790732747139,0.6747302278389254,0.019173390907961017,0.12489425593746015
profile1d_linear__robust_ossm_ukf,fail_lock,106,106.0,0.01728498858844388,0.6753832268405338,0.017577591138870193,0.1396284984688295
profile1d_linear__robust_ossm_ukf,fail_lock,107,107.0,0.010680150810883709,0.6760302585608058,0.01588623644750643,0.15520452526182246
profile1d_linear__robust_ossm_ukf,fail_lock,108,108.0,0.005146187877902012,0.6766677606567756,0.014123619586613257,0.17139685721749592
profile1d_linear__robust_ossm_ukf,fail_lock,109,109.0,0.0013011170493042116,0.6771173091697722,0.0123096317955674,0.18799363082739162
profile1d_linear__robust_ossm_ukf,fail_lock,110,110.0,1.9773187436718563e-05,0.6775326022275928,0.010470155096134259,0.20479380825516333
profile1d_linear__robust_ossm_ukf,fail_lock,111,111.0,0.0024910679824950966,0.6775328437970483,0.008621797401511476,0.22160379853922485
profile1d_linear__robust_ossm_ukf,fail_lock,112,112.0,0.006976727178708423,0.6773759366180436,0.006790976479444299,0.23823450763287377
profile1d_linear__robust_ossm_ukf,fail_lock,113,113.0,0.012331547443260763,0.6770046942626986,0.004999877692130432,0.2544997451932879
profile1d_linear__robust_ossm_ukf,fail_lock,114,114.0,0.01793605427122869,0.7652879114115569,0.003699608290846649,0.2702165724895343
profile1d_linear__robust_ossm_ukf,fail_lock,115,115.0,0.023036405211947397,0.8177179034447191,0.001963365738372018,0.2852076123690747
profile1d_linear__robust_ossm_ukf,fail_lock,116,116.0,0.02724246233798015,0.8366009809164665,9.44042451232986e-05,0.2993048042076081
profile1d_linear__robust_ossm_ukf,fail_lock,117,117.0,0.030826621768244914,0.8440917822839036,0.0,0.3123539813634508
profile1d_linear__robust_ossm_ukf,fail_lock,118,118.0,0.03360064576723106,0.847503926213518,0.0,0.32422022809012435
profile1d_linear__robust_ossm_ukf,fail_lock,119,119.0,0.03622656276368396,0.8490279605086072,0.0,0.3347939962967128
profile1d_linear__robust_ossm_ukf,fail_lock,120,120.0,0.0381299235045476,0.8498320163774629,0.0,0.34399728024717197
profile1d_linear__robust_ossm_ukf,fail_lock,121,121.0,0.03924518078353507,0.8500597119273187,0.0,0.3517889542609221
profile1d_linear__robust_ossm_ukf,fail_lock,122,122.0,0.040231526647856564,0.8500308772947621,0.0,0.3581685250965037
profile1d_linear__robust_ossm_ukf,fail_lock,123,123.0,0.040563511016049526,0.8496022580922188,0.0,0.36317734540279173
profile1d_linear__robust_ossm_ukf,fail_lock,124,124.0,0.039954005806683617,0.8490458238954495,0.0,0.3668960888880571
profile1d_linear__robust_ossm_ukf,fail_lock,125,125.0,0.038951305566778484,0.8481472802605232,0.0,0.369438290023093
profile1d_linear__robust_ossm_ukf,fail_lock,126,126.0,0.03810131205388377,0.8469164040070081,0.0,0.37094119331797765
profile1d_linear__robust_ossm_ukf,fail_lock,127,127.0,0.03684913437560372,0.8450556533772661,0.0,0.3715557838245542
profile1d_linear__robust_ossm_ukf,fail_lock,128,128.0,0.03493810291054943,0.8422129921690659,0.0,0.3714380211300677
profile1d_linear__robust_ossm_ukf,fail_lock,129,129.0,0.03268883281563686,0.8372731741071467,0.0,0.3707422022428281
profile1d_linear__robust_ossm_ukf,fail_lock,130,130.0,0.030249723919573607,0.8278831223181845,0.0,0.3696164524502404
profile1d_linear__robust_ossm_ukf,fail_lock,131,131.0,0.02785143331553449,0.8066211976727078,0.0,0.3682006976174469
profile1d_linear__robust_ossm_ukf,fail_lock,132,132.0,0.025206096450326274,0.7519290254345178,0.0,0.36662635294000656
profile1d_linear__robust_ossm_ukf,fail_lock,133,133.0,0.02270813128510995,0.6751075915532688,0.0,0.3650157397037936
profile1d_linear__robust_ossm_ukf,fail_lock,134,134.0,0.020564405826093906,0.6753322831025415,0.0,0.3634803085363543
profile1d_linear__robust_ossm_ukf,fail_lock,135,135.0,0.018382062219129913,0.6755205763582192,0.0,0.36211747278099843
profile1d_linear__robust_ossm_ukf,fail_lock,136,136.0,0.01606475201946524,0.6757350489321988,0.0,0.3610064638965839
profile1d_linear__robust_ossm_ukf,fail_lock,137,137.0,0.01374932151820161,0.6759410753199991,0.0,0.3602052016044434
profile1d_linear__robust_ossm_ukf,fail_lock,138,138.0,0.011560217699925405,0.6761560733651032,0.0,0.3597492208823384
profile1d_linear__robust_ossm_ukf,fail_lock,139,139.0,0.009438905456174939,0.6763110755771794,0.0,0.35965102963566864
profile1d_linear__robust_ossm_ukf,fail_lock,140,140.0,0.007393950925151322,0.6767298409228282,0.0,0.35989867015532057
profile1d_linear__robust_ossm_ukf,fail_lock,141,141.0,0.005445774011147165,0.6768139609274718,0.0,0.360454475609431
profile1d_linear__robust_ossm_ukf,fail_lock,142,142.0,0.0037118643432132383,0.677001051297651,0.0,0.36125561756358154
profile1d_linear__robust_ossm_ukf,fail_lock,143,143.0,0.002243851110340368,0.6770627933568839,0.0,0.3622174830671095
profile1d_linear__robust_ossm_ukf,fail_lock,144,144.0,0.0010931521153453585,0.677141500372288,0.0,0.36323990508462983
profile1d_linear__robust_ossm_ukf,fail_lock,145,145.0,0.0003205876593271964,0.6772292042074324,0.0,0.36421537588649566
profile1d_linear__robust_ossm_ukf,fail_lock,146,146.0,4.066164678878965e-06,0.6773177310900751,0.0,0.36503831998223246
profile1d_linear__robust_ossm_ukf,fail_lock,147,147.0,0.00013534240617363207,0.6773431184954689,0.0,0.3656141225189137
profile1d_linear__robust_ossm_ukf,fail_lock,148,148.0,0.0005751846014015573,0.7187044401169236,0.0,0.36586625180626836
profile1d_linear__robust_ossm_ukf,fail_lock,149,149.0,0.0012599506862561016,0.8004377174159774,0.0,0.3657409043316224
profile1d_linear__robust_ossm_ukf,fail_lock,150,150.0,0.002120544919173904,0.8309185186320515,0.0,0.36520958306735085
profile1d_linear__robust_ossm_ukf,fail_lock,151,151.0,0.0031556811565266424,0.842587280982278,0.0,0.36426960857479396
profile1d_linear__robust_ossm_ukf,fail_lock,152,152.0,0.004413257697288695,0.8477563364283298,0.0,0.362942632430429
profile1d_linear__robust_ossm_ukf,fail_lock,153,153.0,0.00573996914295168,0.8503701967806292,0.0,0.3612722984079711
profile1d_linear__robust_ossm_ukf,fail_lock,154,154.0,0.00709284325862372,0.8518467229327907,0.0,0.35932153236180486
profile1d_linear__robust_ossm_ukf,fail_lock,155,155.0,0.0085674976490216,0.8527093313443618,0.0,0.3571684050392782
profile1d_linear__robust_ossm_ukf,fail_lock,156,156.0,0.010098730685067598,0.853261959086932,0.0,0.35490007413401475
profile1d_linear__robust_ossm_ukf,fail_lock,157,157.0,0.011815219771049951,0.8535353763176041,0.0,0.35260558840258094
profile1d_linear__robust_ossm_ukf,fail_lock,158,158.0,0.0136288803704433,0.8536644737900755,0.0,0.3503687517382167
profile1d_linear__robust_ossm_ukf,fail_lock,159,159.0,0.015394101220190123,0.8536511726726774,0.0,0.3482620036708655
profile1d_linear__robust_ossm_ukf,fail_lock,160,160.0,0.017251575315536925,0.8536027636784781,0.0,0.3463421529456624
profile1d_linear__robust_ossm_ukf,fail_lock,161,161.0,0.01914138638657531,0.8535410548340258,0.0,0.34464840339444547
profile1d_linear__robust_ossm_ukf,fail_lock,162,162.0,0.021101909169362117,0.8535913719943564,0.0,0.3432012877472625
profile1d_linear__robust_ossm_ukf,fail_lock,163,163.0,0.023599598471928773,0.8537726822992592,0.0,0.3420007228966902
profile1d_linear__robust_ossm_ukf,fail_lock,164,164.0,0.02683749440157389,0.8541458040712484,0.0,0.34102354309255456
profile1d_linear__robust_ossm_ukf,fail_lock,165,165.0,0.02981062181517367,0.8546406233498942,0.0,0.3402214712260812
profile1d_linear__robust_ossm_ukf,fail_lock,166,166.0,0.032906345112326874,0.8550073211914101,0.0,0.33951946563904223
profile1d_linear__robust_ossm_ukf,fail_lock,167,167.0,0.03644434382253304,0.8547230041088772,0.0,0.33881444192169075
profile1d_linear__robust_ossm_ukf,fail_lock,168,168.0,0.04022119269757205,0.8534191841153277,0.0,0.33797531830405375
profile1d_linear__robust_ossm_ukf,fail_lock,169,169.0,0.044343866387267554,0.8512843846448017,0.0,0.33684561862178075
profile1d_linear__robust_ossm_ukf,fail_lock,170,170.0,0.0490226233956328,0.8490183488488576,0.0,0.3352486521775357
profile1d_linear__robust_ossm_ukf,fail_lock,171,171.0,0.05346448363165155,0.84713736525388,0.0,0.3329949581002707
profile1d_linear__robust_ossm_ukf,fail_lock,172,172.0,0.0577112959680575,0.8459396276491451,0.0,0.3298921666745731
profile1d_linear__robust_ossm_ukf,fail_lock,173,173.0,0.06239290294412089,0.8452537625470316,0.0,0.32575697903286843
profile1d_linear__robust_ossm_ukf,fail_lock,174,174.0,0.06621230503988366,0.8449345497384936,0.0,0.3204296230851601
profile1d_linear__robust_ossm_ukf,fail_lock,175,175.0,0.0699818909657712,0.8449041256122307,0.0,0.3137901595641115
profile1d_linear__robust_ossm_ukf,fail_lock,176,176.0,0.07358586256405156,0.8451656877197995,0.0,0.30577215151852344
profile1d_linear__robust_ossm_ukf,fail_lock,177,177.0,0.07718158620215881,0.8456898501329576,0.0004984131657500016,0.2963691851084345
profile1d_linear__robust_ossm_ukf,fail_lock,178,178.0,0.08126525606141742,0.8466838934394275,0.0019744271343709275,0.28563361065628934
profile1d_linear__robust_ossm_ukf,fail_lock,179,179.0,0.08497442477575498,0.8480545746355963,0.0036245694748821347,0.2736690186276618
profile1d_linear__robust_ossm_ukf,fail_lock,180,180.0,0.08777003155347074,0.8498140029895661,0.005402222872489103,0.2606180679035843
profile1d_linear__robust_ossm_ukf,fail_lock,181,181.0,0.08902382862400168,0.8514476024791638,0.007292223438599247,0.24664781967480792
profile1d_linear__robust_ossm_ukf,fail_lock,182,182.0,0.08962660926059927,0.8522937445564785,0.009261228964831659,0.2319358137757669
profile1d_linear__robust_ossm_ukf,fail_lock,183,183.0,0.08954680629151085,0.8516095128468884,0.011268829663207707,0.2166598125944664
profile1d_linear__robust_ossm_ukf,fail_lock,184,184.0,0.08880995126826632,0.8494289051527341,0.013280497133528418,0.20099255825449217
profile1d_linear__robust_ossm_ukf,fail_lock,185,185.0,0.08738207575643209,0.8462069959789148,0.015270697600554859,0.18510139880449594
profile1d_linear__robust_ossm_ukf,fail_lock,186,186.0,0.08534833247873246,0.8427555338902946,0.017896473985313528,0.1691515055089277
profile1d_linear__robust_ossm_ukf,fail_lock,187,187.0,0.08263523317912326,0.8388595688560178,0.01996958258891664,0.15331118327667062
profile1d_linear__robust_ossm_ukf,fail_lock,188,188.0,0.07936613291940195,0.8343435887614076,0.021967399680323556,0.13775814415624607
profile1d_linear__robust_ossm_ukf,fail_lock,189,189.0,0.07552511376841448,0.8276476816146927,0.023814861394550038,0.12268573293671284
profile1d_linear__robust_ossm_ukf,fail_lock,190,190.0,0.07120221773336707,0.8156985374037371,0.02537353328687287,0.1083080400257229
profile1d_linear__robust_ossm_ukf,fail_lock,191,191.0,0.06641234315820044,0.7893816789850101,0.026276549170304832,0.09486287229563557
profile1d_linear__robust_ossm_ukf,fail_lock,192,192.0,0.06132399084416953,0.7250538696493758,0.025576239019329983,0.08261159796664755
profile1d_linear__robust_ossm_ukf,fail_lock,193,193.0,0.05609203958299949,0.6718425046378521,0.02487415728765832,0.07183492830846162
profile1d_linear__robust_ossm_ukf,fail_lock,194,194.0,0.05030004849740591,0.6724896942200426,0.025881507900028796,0.06282406993814708
profile1d_linear__robust_ossm_ukf,fail_lock,195,195.0,0.044152059212999,0.672887350752489,0.026655977986690997,0.05586738294509199
profile1d_linear__robust_ossm_ukf,fail_lock,196,196.0,0.038301221412034674,0.6736030689979705,0.02719055901476158,0.05123354830158032
profile1d_linear__robust_ossm_ukf,fail_lock,197,197.0,0.03238426688895743,0.6741111542268362,0.027438439816588982,0.049153178985623845
profile1d_linear__robust_ossm_ukf,fail_lock,198,198.0,0.02636937619321079,0.6747407596122891,0.027393113332878798,0.04980146203730886
profile1d_linear__robust_ossm_ukf,fail_lock,199,199.0,0.020826408113312236,0.6752791233328546,0.027033645976221547,0.053284466950247314
profile1d_linear__robust_ossm_ukf,fail_lock,200,200.0,0.015741642791342957,0.6759688960181943,0.026365601174296108,0.05963112468426817
profile1d_linear__robust_ossm_ukf,fail_lock,201,201.0,0.01101686193177963,0.6764335624303536,0.025378881192242245,0.06879165039318656
profile1d_linear__robust_ossm_ukf,fail_lock,202,202.0,0.006634577408105334,0.6768999427287556,0.02409562342746277,0.08064166353569362
profile1d_linear__robust_ossm_ukf,fail_lock,203,203.0,0.002069649962047595,0.6772825888016087,0.022553432394821132,0.09499007654511903
profile1d_linear__robust_ossm_ukf,fail_lock,204,204.0,0.00027905469674270237,0.6777701789187378,0.02117460441191677,0.1115884118342134
profile1d_linear__robust_ossm_ukf,fail_lock,205,205.0,6.425131857705514e-05,0.6779393573341383,0.01947226280090338,0.1301393477985183
profile1d_linear__robust_ossm_ukf,fail_lock,206,206.0,0.0008952469265960324,0.6779777033415396,0.017480011378686253,0.15030274389971982
profile1d_linear__robust_ossm_ukf,fail_lock,207,207.0,0.00247552496576896,0.6779060906960844,0.015238452336078867,0.17169852657748058
profile1d_linear__robust_ossm_ukf,fail_lock,208,208.0,0.0046592724634815594,0.7145252553563536,0.013494399875954384,0.19390752755413557
profile1d_linear__robust_ossm_ukf,fail_lock,209,209.0,0.007310952279109937,0.7978396608680157,0.01203969640167087,0.21647218746583272
profile1d_linear__robust_ossm_ukf,fail_lock,210,210.0,0.010186572780218641,0.8297521841525496,0.009285856206840776,0.23889880422411847
profile1d_linear__robust_ossm_ukf,fail_lock,211,211.0,0.013687839455472825,0.8423812909896427,0.006147378284293809,0.2606632672631491
profile1d_linear__robust_ossm_ukf,fail_lock,212,212.0,0.017672043531866303,0.8481436456688315,0.0029901734552223755,0.2812229010960951
profile1d_linear__robust_ossm_ukf,fail_lock,213,213.0,0.021750089018421702,0.8510909666974946,0.0,0.30003703109622715
profile1d_linear__robust_ossm_ukf,fail_lock,214,214.0,0.02667147446332016,0.8527803008802664,0.0,0.31659659808962026
profile1d_linear__robust_ossm_ukf,fail_lock,215,215.0,0.031424528465065764,0.8536922798858496,0.0,0.33045896964494037
profile1d_linear__robust_ossm_ukf,fail_lock,216,216.0,0.03657167839626812,0.8543449559545666,0.0,0.34128251718438635
profile1d_linear__robust_ossm_ukf,fail_lock,217,217.0,0.04211636593234939,0.8546811348670337,0.0,0.34885652811959594
profile1d_linear__robust_ossm_ukf,fail_lock,218,218.0,0.04806331652193133,0.854860617029593,0.0,0.3531208486253841
profile1d_linear__robust_ossm_ukf,fail_lock,219,219.0,0.05436763366117766,0.8549016962652608,0.0,0.3541688885513437
profile1d_linear__robust_ossm_ukf,fail_lock,220,220.0,0.06097955607288918,0.8549194460318914,0.0,0.3522322424597833
profile1d_linear__robust_ossm_ukf,fail_lock,221,221.0,0.0678018885600046,0.8547937076722648,0.0,0.34765153465408094
profile1d_linear__robust_ossm_ukf,fail_lock,222,222.0,0.07475832162302315,0.8546384610584574,0.0,0.3408407976454569
profile1d_linear__robust_ossm_ukf,fail_lock,223,223.0,0.08171193409556847,0.8543905300096648,0.0,0.3322504359122417
profile1d_linear__robust_ossm_ukf,fail_lock,224,224.0,0.08854255559221211,0.8541951547198764,0.0,0.32233138378524745
profile1d_linear__robust_ossm_ukf,fail_lock,225,225.0,0.09506960722218963,0.8539002159221677,0.0,0.3115048083212643
profile1d_linear__robust_ossm_ukf,fail_lock,226,226.0,0.10117017190903366,0.853645899820083,0.0,0.300141396850645
profile1d_linear__robust_ossm_ukf,fail_lock,227,227.0,0.10667408313179391,0.853325592977762,0.0020798526849215232,0.288550659105953
profile1d_linear__robust_ossm_ukf,fail_lock,228,228.0,0.11145479369440596,0.8529921822008873,0.0042035066601702874,0.27697941877347826
profile1d_linear__robust_ossm_ukf,fail_lock,229,229.0,0.11536080193770235,0.8525471233409848,0.00630820105093431,0.26561756001425474
profile1d_linear__robust_ossm_ukf,fail_lock,230,230.0,0.11831713323414284,0.8521054970771879,0.008366530633394004,0.25460702451665207
profile1d_linear__robust_ossm_ukf,fail_lock,231,231.0,0.12020265833232298,0.851482225089399,0.010355986301255832,0.2440506903672862
profile1d_linear__robust_ossm_ukf,fail_lock,232,232.0,0.12098703067069472,0.8507489515323604,0.012262295434191708,0.23402043742606565
profile1d_linear__robust_ossm_ukf,fail_lock,233,233.0,0.1205953332573207,0.8496138442527784,0.014070879054996448,0.224564597950723
profile1d_linear__robust_ossm_ukf,fail_lock,234,234.0,0.1190694997809429,0.8479869638827924,0.015772469851598372,0.2157141967268632
profile1d_linear__robust_ossm_ukf,fail_lock,235,235.0,0.11640740032721615,0.8451732135724591,0.017347932068752445,0.20748767655041783
profile1d_linear__robust_ossm_ukf,fail_lock,236,236.0,0.11270260801616769,0.8400639473324976,0.018766379234880292,0.19989440849386114
profile1d_linear__robust_ossm_ukf,fail_lock,237,237.0,0.10802428365489054,0.8291814930730453,0.019934761819262813,0.19293715771923048
profile1d_linear__robust_ossm_ukf,fail_lock,238,238.0,0.10254305612298487,0.8025558390955709,0.02057381694244906,0.18661382211560643
profile1d_linear__robust_ossm_ukf,fail_lock,239,239.0,0.09644741086590282,0.7316857701496399,0.01984600269672764,0.18091892399457946
profile1d_linear__robust_ossm_ukf,fail_lock,240,240.0,0.09335035063538352,0.6683466171709312,0.019052074266195488,0.17584510770178405
profile1d_linear__robust_ossm_ukf,fail_lock,241,241.0,0.08803058315968348,0.6687700662977064,0.01991811316563692,0.17138452450669503
profile1d_linear__robust_ossm_ukf,fail_lock,242,242.0,0.08322085317152646,0.6692677556070911,0.020718171006322967,0.16752976788325913
profile1d_linear__robust_ossm_ukf,fail_lock,243,243.0,0.07776125567848823,0.6696892693774935,0.021449393403370445,0.16427421784416849
profile1d_linear__robust_ossm_ukf,fail_lock,244,244.0,0.06995979066196757,0.6702512656393458,0.02211946824898759,0.16161189365424988
profile1d_linear__robust_ossm_ukf,fail_lock,245,245.0,0.06298413209199172,0.6709628867341569,0.02272845801186482,0.15953699760306228
profile1d_linear__robust_ossm_ukf,fail_lock,246,246.0,0.05623701492369809,0.6716282911321713,0.023268266551142013,0.15804344603755296
profile1d_linear__robust_ossm_ukf,fail_lock,247,247.0,0.04904970564757048,0.6722466937658428,0.023736824017536837,0.1571246041157037
profile1d_linear__robust_ossm_ukf,fail_lock,248,248.0,0.04171829023065606,0.672919345349666,0.024134772803838456,0.15677319340952234
profile1d_linear__robust_ossm_ukf,fail_lock,249,249.0,0.03489528561376965,0.6735757880664619,0.02445562651642979,0.15698131562334855
profile1d_linear__robust_ossm_ukf,fail_lock,250,250.0,0.028910337188327275,0.6741734791028378,0.024693107008039488,0.15774068768658528
profile1d_linear__robust_ossm_ukf,fail_lock,251,251.0,0.023609141999244805,0.6747198680968913,0.024842226130752397,0.15904317280921837
profile1d_linear__robust_ossm_ukf,fail_lock,252,252.0,0.019034235914385196,0.6752720989895994,0.024899119235217194,0.1608814955121925
profile1d_linear__robust_ossm_ukf,fail_lock,253,253.0,0.01578079613047715,0.6756370312571998,0.02485030479004944,0.16325004928214448
profile1d_linear__robust_ossm_ukf,fail_lock,254,254.0,0.013407680816308306,0.6759640431981498,0.024695061933404833,0.16614586475357337
profile1d_linear__robust_ossm_ukf,fail_lock,255,255.0,0.011437860115474957,0.7355179325930145,0.026568108208632018,0.16956982461265563
profile1d_linear__robust_ossm_ukf,fail_lock,256,256.0,0.01003622614213837,0.8014784117971888,0.028482560393426636,0.173528293076674
profile1d_linear__robust_ossm_ukf,fail_lock,257,257.0,0.009307467289517231,0.8264223324096958,0.028735531488189282,0.17803536624771632
profile1d_linear__robust_ossm_ukf,fail_lock,258,258.0,0.009282422291058192,0.8363367765473626,0.028274634837775946,0.18311584395875066
profile1d_linear__robust_ossm_ukf,fail_lock,259,259.0,0.010187290870211908,0.8402042764166165,0.02741428930859473,0.18880893462872309
profile1d_linear__robust_ossm_ukf,fail_lock,260,260.0,0.01227479503602792,0.8408049927740647,0.026239207669395165,0.1951725883345471
profile1d_linear__robust_ossm_ukf,fail_lock,261,261.0,0.01600656069189745,0.8381431422520891,0.02473559069135741,0.20228845043990773
profile1d_linear__robust_ossm_ukf,fail_lock,262,262.0,0.021837671008432636,0.8301330772681343,0.022828754946866172,0.21026788512845887
profile1d_linear__robust_ossm_ukf,fail_lock,263,263.0,0.029108198250581297,0.8089590687486371,0.020314856825346714,0.2192599695928167
profile1d_linear__robust_ossm_ukf,fail_lock,264,264.0,0.037341034422866674,0.7508678960908663,0.01672190867568398,0.22946230373200624
profile1d_linear__robust_ossm_ukf,fail_lock,265,265.0,0.048175670739864375,0.6742055624893198,0.012720340876367808,0.24113517412158175
profile1d_linear__robust_ossm_ukf,fail_lock,266,266.0,0.06167609697599356,0.6732110926649516,0.009939960270751209,0.25462011622715036
profile1d_linear__robust_ossm_ukf,fail_lock,267,267.0,0.07709613633085144,0.6719440305716057,0.006575661454002775,0.2703649768932211
profile1d_linear__robust_ossm_ukf,fail_lock,268,268.0,0.09494505053901241,0.6704778847919267,0.002480244034793456,0.28895869500163057
profile1d_linear__robust_ossm_ukf,fail_lock,269,269.0,0.11248753892545164,0.6687782804516699,0.0,0.3111810413245836
profile1d_linear__robust_ossm_ukf,fail_lock,270,270.0,0.13400722796591202,0.6670450154556071,0.0,0.33807478134148106
profile1d_linear__robust_ossm_ukf,fail_lock,271,271.0,0.15449688117365235,0.6649916894339354,0.0,0.37104871461282574
profile1d_linear__robust_ossm_ukf,fail_lock,272,272.0,0.17507044584215747,0.6630844229457729,0.0,0.41202186394404644
profile1d_linear__robust_ossm_ukf,fail_lock,273,273.0,0.19427630106553528,0.6610552589479528,0.0,0.46362273759783296
profile1d_linear__robust_ossm_ukf,fail_lock,274,274.0,0.21396685393917514,0.659288775222015,0.0,0.5294537824690672
profile1d_linear__robust_ossm_ukf,fail_lock,275,275.0,0.230790710917932,0.6573748249572431,0.0,0.6143991755451345
profile1d_linear__robust_ossm_ukf,fail_lock,276,276.0,0.24959396411061327,0.6558211977905974,0.0,0.7248550631960374
profile1d_linear__robust_ossm_ukf,fail_lock,277,277.0,0.26196432721601814,0.6539666689659229,0.0,0.8685015928159605
profile1d_linear__robust_ossm_ukf,fail_lock,278,278.0,0.27389134638718077,0.6528561020627807,0.07253621018299887,0.002692898661637706
profile1d_linear__robust_ossm_ukf,fail_lock,279,279.0,0.27963037296025145,0.6516670828394399,0.0730405609716738,0.003518671803822613
profile1d_linear__robust_ossm_ukf,fail_lock,280,280.0,0.28185263828424706,0.6654076031040663,0.07605410685299227,0.004378876312058649
profile1d_linear__robust_ossm_ukf,fail_lock,281,281.0,0.28225370611065054,0.756666515208942,0.08895024342536588,0.00522077931318398
profile1d_linear__robust_ossm_ukf,fail_lock,282,282.0,0.27588482847073426,0.7931441650473712,0.09690081059396786,0.005991949539775783
profile1d_linear__robust_ossm_ukf,fail_lock,283,283.0,0.26493604435844814,0.8065571284562038,0.10365032664804187,0.006647620029445508
profile1d_linear__robust_ossm_ukf,fail_lock,284,284.0,0.24467053588018262,0.8092632419876883,0.11066224908440972,0.007156956873034718
profile1d_linear__robust_ossm_ukf,fail_lock,285,285.0,0.2222345888988704,0.8030201784523291,0.11803715468604153,0.007506869516657202
profile1d_linear__robust_ossm_ukf,fail_lock,286,286.0,0.19507694535656797,0.7802571759202239,0.12430456920574089,0.007702655109768027
profile1d_linear__robust_ossm_ukf,fail_lock,287,287.0,0.16386983896921992,0.7161955411242229,0.12442214057823048,0.007765622096123773
profile1d_linear__robust_ossm_ukf,fail_lock,288,288.0,0.1279298381711836,0.6621634404758583,0.12586910370808288,0.007728554423047011
profile1d_linear__robust_ossm_ukf,fail_lock,289,289.0,0.08712856387891611,0.6655600441025921,0.1385383232423079,0.007630227405062806
profile1d_linear__robust_ossm_ukf,fail_lock,358,358.0,0.08725790178892162,0.669626211560047,0.0,0.5058007374089151
profile1d_linear__robust_ossm_ukf,fail_lock,359,359.0,0.07944654671769476,0.6694936520875188,0.0,0.5197899788542089
profile1d_linear__robust_ossm_ukf,fail_lock,360,360.0,0.07733606939494972,0.6945672111733637,0.0,0.5333692966245456
profile1d_linear__robust_ossm_ukf,fail_lock,361,361.0,0.07840686956756937,0.7841020495226027,0.0,0.5461115442107359
profile1d_linear__robust_ossm_ukf,fail_lock,362,362.0,0.07990108140033192,0.8181673061192186,0.0,0.5576037158265293
profile1d_linear__robust_ossm_ukf,fail_lock,363,363.0,0.08277083762202431,0.8310858330251298,0.0,0.5674703256230298
profile1d_linear__robust_ossm_ukf,fail_lock,364,364.0,0.08697734119876793,0.8364191783069097,0.0,0.5753973386263879
profile1d_linear__robust_ossm_ukf,fail_lock,365,365.0,0.09203139844967279,0.8383508522585902,0.0,0.5811535666997487
profile1d_linear__robust_ossm_ukf,fail_lock,366,366.0,0.09745053305698644,0.8384224780292023,0.0,0.5846062863479541
profile1d_linear__robust_ossm_ukf,fail_lock,367,367.0,0.10262805028863288,0.8370092758574544,0.0,0.585728921414003
profile1d_linear__robust_ossm_ukf,fail_lock,368,368.0,0.10709532063723509,0.8341151548851121,0.0,0.5846003001709831
profile1d_linear__robust_ossm_ukf,fail_lock,369,369.0,0.11038855996047718,0.8292517456403533,0.0,0.5813965271725003
profile1d_linear__robust_ossm_ukf,fail_lock,370,370.0,0.11407410843401578,0.8215165359839558,0.0,0.57637755704096
profile1d_linear__robust_ossm_ukf,fail_lock,371,371.0,0.11737451422338965,0.8091752394560484,0.0,0.5698709108037573
profile1d_linear__robust_ossm_ukf,fail_lock,372,372.0,0.1169741865580933,0.7896759340473473,0.0,0.5622551910297044
profile1d_linear__robust_ossm_ukf,fail_lock,373,373.0,0.11345717472420568,0.7601439036890751,0.0,0.5539463582824297
profile1d_linear__robust_ossm_ukf,fail_lock,374,374.0,0.10875136474602805,0.7284891603731303,0.0,0.5453893977839586
profile1d_linear__robust_ossm_ukf,fail_lock,375,375.0,0.10345535482848776,0.7313124990999995,0.0,0.5370570352996383
profile1d_linear__robust_ossm_ukf,fail_lock,376,376.0,0.09648094560769013,0.7561534059662526,0.0,0.5294565376050969
profile1d_linear__robust_ossm_ukf,fail_lock,377,377.0,0.087645871879361,0.7786279072439297,0.0,0.5231457183835406
profile1d_linear__robust_ossm_ukf,fail_lock,378,378.0,0.07758590769328208,0.794315886576121,0.0,0.5181148897135958
profile1d_linear__robust_ossm_ukf,fail_lock,379,379.0,0.06718660959833674,0.8043176216235838,0.0,0.5124495963676579
profile1d_linear__robust_ossm_ukf,fail_lock,380,380.0,0.05678543556397522,0.8102117220877935,0.0,0.5061852609754139
profile1d_linear__robust_ossm_ukf,fail_lock,381,381.0,0.046631257226315115,0.812892455968353,0.0,0.49936445052643946
profile1d_linear__robust_ossm_ukf,fail_lock,382,382.0,0.03739507142289055,0.8129269123863566,0.0,0.492036104232793
profile1d_linear__robust_ossm_ukf,fail_lock,383,383.0,0.02888298123792355,0.8102809504294662,0.0,0.4842537726830697
profile1d_linear__robust_ossm_ukf,fail_lock,384,384.0,0.021466824850231655,0.8045889222475013,0.0,0.47607324119628414
profile1d_linear__robust_ossm_ukf,fail_lock,385,385.0,0.015451089887358107,0.7947729949199688,0.0,0.46754930126709393
profile1d_linear__robust_ossm_ukf,fail_lock,386,386.0,0.010377918012657968,0.7796236248593602,0.0,0.45873136300879563
profile1d_linear__robust_ossm_ukf,fail_lock,387,387.0,0.006145940340953516,0.7588888483525378,0.0,0.44965820177145716
profile1d_linear__robust_ossm_ukf,fail_lock,388,388.0,0.0029734057331639555,0.7402873530433184,0.0,0.44035161895517955
profile1d_linear__robust_ossm_ukf,fail_lock,389,389.0,0.0008973360271665434,0.7497914420092977,0.0,0.4308088201804015
profile1d_linear__robust_ossm_ukf,fail_lock,390,390.0,1.8638003992898907e-05,0.7816201618779127,0.0,0.42099411857390884
profile1d_linear__robust_ossm_ukf,fail_lock,391,391.0,0.0004815688311980994,0.8075689758358285,0.0,0.41082999471691284
profile1d_linear__robust_ossm_ukf,fail_lock,392,392.0,0.002375641962007828,0.824573729118944,0.0,0.400187509758516
profile1d_linear__robust_ossm_ukf,fail_lock,393,393.0,0.005716108154486901,0.8350423633028389,0.0,0.38887822506934927
profile1d_linear__robust_ossm_ukf,fail_lock,394,394.0,0.01054967693794441,0.8415413214202767,0.0,0.3766515930180068
profile1d_linear__robust_ossm_ukf,fail_lock,395,395.0,0.016907145380045202,0.8454834575429697,0.0,0.36320175964589346
profile1d_linear__robust_ossm_ukf,fail_lock,396,396.0,0.02481571165901905,0.8479761478678918,0.0,0.3481878028350178
profile1d_linear__robust_ossm_ukf,fail_lock,397,397.0,0.034254381296066894,0.8494096528648857,0.0,0.331272523223623
profile1d_linear__robust_ossm_ukf,fail_lock,398,398.0,0.04518474510037539,0.8502787900933858,0.0,0.3121842290784934
profile1d_linear__robust_ossm_ukf,fail_lock,399,399.0,0.05745712216473284,0.85062727664936,0.017382811141137877,0.2908014577012666
profile1d_linear__robust_ossm_ukf,fail_lock,400,400.0,0.07086522673003592,0.8507477112840204,0.06312631460391573,0.2666454842412433
profile1d_linear__robust_ossm_ukf,fail_lock,401,401.0,0.08502603173513247,0.850506808837109,0.11323660404906312,0.24020931920716873
profile1d_linear__robust_ossm_ukf,fail_lock,402,402.0,0.09953215226159755,0.8502026491059909,0.16362196171465024,0.21369716807000574
profile1d_linear__robust_ossm_ukf,fail_lock,403,403.0,0.11369528893686569,0.8496268504373585,0.21086313257389538,0.18894576869007845
profile1d_linear__robust_ossm_ukf,fail_lock,404,404.0,0.12683881617052806,0.8490011449893224,0.25245271240187506,0.16734452290109786
profile1d_linear__robust_ossm_ukf,fail_lock,405,405.0,0.138098225986402,0.848193401286662,0.2864816020077678,0.14987494176346414
profile1d_linear__robust_ossm_ukf,fail_lock,406,406.0,0.14673731231013967,0.8473473120702398,0.31110875822982526,0.13716162738718327
profile1d_linear__robust_ossm_ukf,fail_lock,407,407.0,0.15202130316469337,0.8462692793313146,0.3253727027075267,0.12948018083822668
profile1d_linear__robust_ossm_ukf,fail_lock,408,408.0,0.15349080114103666,0.8448677252981242,0.3298481983344672,0.12673066084516957
profile1d_linear__robust_ossm_ukf,fail_lock,409,409.0,0.15098347967821252,0.8428112963780691,0.32545919853385397,0.1284272812041599
profile1d_linear__robust_ossm_ukf,fail_lock,410,410.0,0.14464298101232498,0.8393310329349474,0.3136592732634177,0.13375604209830247
profile1d_linear__robust_ossm_ukf,fail_lock,411,411.0,0.13485825895029271,0.8324769731364574,0.29589724859450073,0.14171180206193099
profile1d_linear__robust_ossm_ukf,fail_lock,412,412.0,0.12222641888582243,0.8166081766181754,0.27254666478725353,0.15127480183629374
profile1d_linear__robust_ossm_ukf,fail_lock,413,413.0,0.10751243395292884,0.7741245069349265,0.24047400548764894,0.16156401482706348
profile1d_linear__robust_ossm_ukf,fail_lock,414,414.0,0.09165827932805243,0.6700175950831044,0.1926689977309697,0.1719237949288867
profile1d_linear__robust_ossm_ukf,fail_lock,415,415.0,0.07575651277535807,0.6695757095970849,0.17770690088000995,0.18193847531706275
profile1d_linear__robust_ossm_ukf,fail_lock,416,416.0,0.05966221694908918,0.671053337061415,0.163952816940039,0.19139732574245277
profile1d_linear__robust_ossm_ukf,fail_lock,464,464.0,0.01026425815038334,0.6760686953647796,0.0,0.3385655833356861
profile1d_linear__robust_ossm_ukf,fail_lock,465,465.0,0.005080551145559406,0.6767081433225246,0.0,0.3296397304631259
profile1d_linear__robust_ossm_ukf,fail_lock,466,466.0,0.0017634700630254842,0.6986334936151177,0.0,0.32000691599187514
profile1d_linear__robust_ossm_ukf,fail_lock,467,467.0,0.0002103439283476153,0.8005715088012926,0.0,0.309750134854078
profile1d_linear__robust_ossm_ukf,fail_lock,468,468.0,0.00013888637090209656,0.8380686537144942,0.0019926871333436347,0.29896041470952395
profile1d_linear__robust_ossm_ukf,fail_lock,469,469.0,0.001445454295334936,0.849113967938949,0.02380688529315486,0.28773576688082236
profile1d_linear__robust_ossm_ukf,fail_lock,470,470.0,0.003968941061524439,0.8526985582813758,0.04640681758837356,0.2761798845570074
profile1d_linear__robust_ossm_ukf,fail_lock,471,471.0,0.007839428720991038,0.8539755844118561,0.06940851286521832,0.26440039866743953
profile1d_linear__robust_ossm_ukf,fail_lock,472,472.0,0.012974014456111339,0.8543650620197987,0.09255307486673894,0.2525075374751748
profile1d_linear__robust_ossm_ukf,fail_lock,473,473.0,0.01909640173945814,0.8543389399653947,0.1155994561593094,0.24061350167495624
profile1d_linear__robust_ossm_ukf,fail_lock,474,474.0,0.026411655611840962,0.8541096692077335,0.13831533556019376,0.2288318529776028
profile1d_linear__robust_ossm_ukf,fail_lock,475,475.0,0.034337818151102394,0.8537263397010997,0.16045644521508298,0.21727681254860434
profile1d_linear__robust_ossm_ukf,fail_lock,476,476.0,0.04336945292210632,0.8532886764625933,0.18180814882339483,0.20606318629659587
profile1d_linear__robust_ossm_ukf,fail_lock,477,477.0,0.0536589353289821,0.8527803232880773,0.20213017019013266,0.19530654216396734
profile1d_linear__robust_ossm_ukf,fail_lock,478,478.0,0.06222895373656494,0.8522283130800459,0.22120506531327877,0.1851224294035593
profile1d_linear__robust_ossm_ukf,fail_lock,479,479.0,0.07301321134451787,0.8516901119501176,0.23878101243613778,0.17562450322195192
profile1d_linear__robust_ossm_ukf,fail_lock,480,480.0,0.08483867075265314,0.8511882864587698,0.2545860782463345,0.16692211367596402
profile1d_linear__robust_ossm_ukf,fail_lock,481,481.0,0.09304818728197176,0.8505547858718104,0.2683761037007974,0.1591176375828663
profile1d_linear__robust_ossm_ukf,fail_lock,482,482.0,0.1033370143836353,0.8500180908535434,0.2800516999158399,0.15230364423750406
profile1d_linear__robust_ossm_ukf,fail_lock,483,483.0,0.11414023018025767,0.8493576006252727,0.2892763998451984,0.14655996202798624
profile1d_linear__robust_ossm_ukf,fail_lock,484,484.0,0.12296645797572142,0.8487578018417804,0.29595417938449425,0.1419507005069096
profile1d_linear__robust_ossm_ukf,fail_lock,485,485.0,0.12906815646012565,0.8480756233415505,0.29990090404701114,0.13852128783290424
profile1d_linear__robust_ossm_ukf,fail_lock,486,486.0,0.13721725384218122,0.8475109033477854,0.3010553533834816,0.13629561079846575
profile1d_linear__robust_ossm_ukf,fail_lock,487,487.0,0.14462194654093444,0.8468378977149749,0.29924589382884614,0.1352733937048282
profile1d_linear__robust_ossm_ukf,fail_lock,488,488.0,0.14679865884332147,0.8462106254942797,0.29421411020662225,0.13542801706785437
profile1d_linear__robust_ossm_ukf,fail_lock,489,489.0,0.1520997259735445,0.8457499589228558,0.2863057783943505,0.1367050444121951
profile1d_linear__robust_ossm_ukf,fail_lock,490,490.0,0.15528310178723978,0.8451949996974991,0.27569488876250237,0.1390219183277499
profile1d_linear__robust_ossm_ukf,fail_lock,491,491.0,0.1539607448518855,0.8447793917191599,0.2626125076814826,0.1422694356648716
profile1d_linear__robust_ossm_ukf,fail_lock,492,492.0,0.15542786463528946,0.8446578959176766,0.24848050695700097,0.1463151235219765
profile1d_linear__robust_ossm_ukf,fail_lock,493,493.0,0.15253155517949912,0.8446439523672916,0.23395389099538225,0.1510080518757471
profile1d_linear__robust_ossm_ukf,fail_lock,494,494.0,0.15059789379309294,0.8451641684698736,0.21974857919545157,0.1561847884988294
profile1d_linear__robust_ossm_ukf,fail_lock,495,495.0,0.14877074544955782,0.8460753303860387,0.2062368154280341,0.1616764866381374
profile1d_linear__robust_ossm_ukf,fail_lock,496,496.0,0.1461278822979592,0.8475062463370491,0.19378954545749538,0.1673168483388638
profile1d_linear__robust_ossm_ukf,fail_lock,497,497.0,0.1437743957456166,0.8492029684719608,0.1825825276781338,0.17295000000377847
profile1d_linear__robust_ossm_ukf,fail_lock,498,498.0,0.14159398837234677,0.8505644197221517,0.17262409329008624,0.17843696005142093
profile1d_linear__robust_ossm_ukf,fail_lock,499,499.0,0.1397059485733348,0.850791032514441,0.16381833303622406,0.18366001645576316
profile1d_linear__robust_ossm_ukf,fail_lock,500,500.0,0.13910096406002156,0.8498046992822066,0.15613844202374777,0.18852489617519222
profile1d_linear__robust_ossm_ukf,fail_lock,501,501.0,0.13865882119315712,0.8479510403730399,0.14958953921383492,0.1929607125834965
profile1d_linear__robust_ossm_ukf,fail_lock,502,502.0,0.13754539628996604,0.8461188228136846,0.14423707605514308,0.19691809586097728
profile1d_linear__robust_ossm_ukf,fail_lock,503,503.0,0.13646700114496815,0.8447756187853633,0.1400452699802042,0.20036615028046106
profile1d_linear__robust_ossm_ukf,fail_lock,504,504.0,0.13586931915869163,0.8441324939608039,0.13693072676446486,0.20328878907656137
profile1d_linear__robust_ossm_ukf,fail_lock,505,505.0,0.13497844682986943,0.8439453008083144,0.13475136222917128,0.2056810375666129
profile1d_linear__robust_ossm_ukf,fail_lock,597,597.0,0.12606236625538447,0.8373354581309259,0.22871415797126388,0.20000635872047545
profile1d_linear__robust_ossm_ukf,fail_lock,598,598.0,0.124329862462303,0.8290629111615125,0.21776087421761806,0.20331676889901598
profile1d_linear__robust_ossm_ukf,fail_lock,599,599.0,0.1218762714597239,0.8100727145557041,0.20400941485075194,0.2068348526080079
profile1d_linear__robust_ossm_ukf,fail_lock,600,600.0,0.11792141431015167,0.7600784124224024,0.18318279922117942,0.210451395274291
profile1d_linear__robust_ossm_ukf,fail_lock,601,601.0,0.11302614072442746,0.6671238502869654,0.15374014915074583,0.21405924990600514
profile1d_linear__robust_ossm_ukf,fail_lock,705,705.0,0.08318325219401966,0.8480208255553178,0.06664172962854795,0.27363614652917484
profile1d_linear__robust_ossm_ukf,fail_lock,706,706.0,0.08811997888783053,0.8491434940007535,0.11219529304556838,0.2556517014486619
profile1d_linear__robust_ossm_ukf,fail_lock,707,707.0,0.09267434871161362,0.8498664697529995,0.15522408998456244,0.23867146429448058
profile1d_linear__robust_ossm_ukf,fail_lock,708,708.0,0.09675770055487619,0.8503320956840809,0.19442805430515342,0.2232031602508018
profile1d_linear__robust_ossm_ukf,fail_lock,709,709.0,0.10028282950127265,0.8506245446126597,0.22838704926399891,0.2098106702550865
profile1d_linear__robust_ossm_ukf,fail_lock,710,710.0,0.1031686620564145,0.8507905388591815,0.25573678327708954,0.19904156725026853
profile1d_linear__robust_ossm_ukf,fail_lock,711,711.0,0.10535519481847129,0.8508488271107196,0.27543495335942725,0.191318518437609
profile1d_linear__robust_ossm_ukf,fail_lock,712,712.0,0.10678923504518704,0.8507927504592813,0.2870338953777217,0.18682674692465603
profile1d_linear__robust_ossm_ukf,fail_lock,713,713.0,0.10742478649092718,0.8505876373252521,0.2908408332454015,0.18544558702372246
profile1d_linear__robust_ossm_ukf,fail_lock,714,714.0,0.10724206130813708,0.8501597838702071,0.2878765421463767,0.18676073405952484
profile1d_linear__robust_ossm_ukf,fail_lock,715,715.0,0.10623811979830457,0.8493676521416147,0.2796376924905565,0.1901559440953718
profile1d_linear__robust_ossm_ukf,fail_lock,716,716.0,0.10441427758007381,0.8479273962833788,0.26775785709758815,0.1949445713510969
profile1d_linear__robust_ossm_ukf,fail_lock,717,717.0,0.10179004412449136,0.845207442485625,0.2536545594608421,0.20048980617622333
profile1d_linear__robust_ossm_ukf,fail_lock,718,718.0,0.09840254058515469,0.839607093941498,0.2381946996515897,0.20628037340891056
profile1d_linear__robust_ossm_ukf,fail_lock,719,719.0,0.09774961593560726,0.8264228041856386,0.2211359045217242,0.21195630278420544
profile1d_linear__robust_ossm_ukf,fail_lock,720,720.0,0.09441062001901068,0.7900968626257421,0.19938587217941225,0.21729826355810405
profile1d_linear__robust_ossm_ukf,fail_lock,721,721.0,0.09190381172333084,0.694672533219918,0.1656148578105312,0.22219879514225
profile1d_linear__robust_ossm_ukf,fail_lock,770,770.0,0.018156118324835463,0.6759538236191006,0.022354815840046376,0.2895260458444871
profile1d_linear__robust_ossm_ukf,fail_lock,771,771.0,0.015208984741436995,0.6761241056115135,0.017211058430383442,0.29191405091463113
profile1d_linear__robust_ossm_ukf,fail_lock,772,772.0,0.012429965434622976,0.6764176212122203,0.01263776791318915,0.29404638857582366
profile1d_linear__robust_ossm_ukf,fail_lock,773,773.0,0.00983065475494125,0.6766453421909073,0.008607159123507725,0.29593279609643497
profile1d_linear__robust_ossm_ukf,fail_lock,774,774.0,0.007437771680742384,0.6940070150674799,0.005218729788955027,0.2975868451976077
profile1d_linear__robust_ossm_ukf,fail_lock,775,775.0,0.005276273750894086,0.7879732584645989,0.002387064208159723,0.2990239796370044
profile1d_linear__robust_ossm_ukf,fail_lock,776,776.0,0.0033723025467723273,0.8254582048280587,0.0,0.300260534666023
profile1d_linear__robust_ossm_ukf,fail_lock,777,777.0,0.0018443763335314997,0.8401810558179079,0.0,0.30131341744583395
profile1d_linear__robust_ossm_ukf,fail_lock,778,778.0,0.0007514508752375276,0.8470571413544724,0.0,0.30219967983348317
profile1d_linear__robust_ossm_ukf,fail_lock,779,779.0,0.00013299257062129058,0.8508460526415274,0.0,0.3029354970090601
profile1d_linear__robust_ossm_ukf,fail_lock,780,780.0,2.124145130266842e-05,0.8532175907696491,0.0,0.3035348034648813
profile1d_linear__robust_ossm_ukf,fail_lock,781,781.0,0.0004373046265973311,0.854796499513065,0.0,0.3040079647119397
profile1d_linear__robust_ossm_ukf,fail_lock,782,782.0,0.001390756056645559,0.8558187192140935,0.0,0.30436065564109627
profile1d_linear__robust_ossm_ukf,fail_lock,783,783.0,0.0028807813606937962,0.8564198924006631,0.0,0.30459316037211365
profile1d_linear__robust_ossm_ukf,fail_lock,784,784.0,0.004897998117368263,0.8567291226578917,0.0,0.3046998809702833
profile1d_linear__robust_ossm_ukf,fail_lock,785,785.0,0.007361638263473218,0.8567499761428128,0.0,0.30466878005617065
profile1d_linear__robust_ossm_ukf,fail_lock,786,786.0,0.009821000925115559,0.8566316660707741,0.0,0.30448110411509216
profile1d_linear__robust_ossm_ukf,fail_lock,787,787.0,0.011788126890869461,0.8563698751076622,0.0,0.3041109674594934
profile1d_linear__robust_ossm_ukf,fail_lock,788,788.0,0.013689927106392262,0.8560797912479594,0.0,0.30352379823450837
profile1d_linear__robust_ossm_ukf,fail_lock,789,789.0,0.015515572270401023,0.8557385627790635,0.0,0.30267438905959226
profile1d_linear__robust_ossm_ukf,fail_lock,790,790.0,0.017278823745495796,0.855468287135957,0.0,0.3015059568577337
profile1d_linear__robust_ossm_ukf,fail_lock,791,791.0,0.018973652969444987,0.8552159249939628,0.00011514217609544898,0.2999498630636713
profile1d_linear__robust_ossm_ukf,fail_lock,792,792.0,0.020618837159120707,0.8550506212762867,0.004699913689040622,0.2979252655674896
profile1d_linear__robust_ossm_ukf,fail_lock,793,793.0,0.02223663683133682,0.8549942009121133,0.010421033231374294,0.29533876081512034
profile1d_linear__robust_ossm_ukf,fail_lock,794,794.0,0.023866251511438397,0.8550518005670403,0.017480546820430647,0.2920841989821467
profile1d_linear__robust_ossm_ukf,fail_lock,795,795.0,0.025559817359754478,0.855202573917428,0.026108743533387328,0.2880438006858421
profile1d_linear__robust_ossm_ukf,fail_lock,796,796.0,0.02737188935920114,0.8554031040865075,0.03655771056613365,0.283092004212129
profile1d_linear__robust_ossm_ukf,fail_lock,797,797.0,0.02921478995431647,0.855602956832033,0.04908835135547517,0.2771023169412267
profile1d_linear__robust_ossm_ukf,fail_lock,798,798.0,0.031073233208247012,0.8557646537018699,0.0639513695403787,0.26995705206804255
profile1d_linear__robust_ossm_ukf,fail_lock,799,799.0,0.033010112499195575,0.8558669542402778,0.0813616901782289,0.2615596835064673
profile1d_linear__robust_ossm_ukf,fail_lock,800,800.0,0.03478533792647585,0.8559077083508496,0.10146774903710441,0.25184886456579086
profile1d_linear__robust_ossm_ukf,fail_lock,801,801.0,0.03696523549946756,0.8559085365667725,0.12431582858312054,0.24081273825278596
profile1d_linear__robust_ossm_ukf,fail_lock,802,802.0,0.039964053268283097,0.8558665181488008,0.14981127559671856,0.22850137614464366
profile1d_linear__robust_ossm_ukf,fail_lock,803,803.0,0.043114032014254344,0.8557789247656873,0.17773607020033722,0.21503380294533422
profile1d_linear__robust_ossm_ukf,fail_lock,804,804.0,0.0463250297135224,0.8556711340550993,0.20773444104289376,0.20059721106687306
profile1d_linear__robust_ossm_ukf,fail_lock,805,805.0,0.04946938761753248,0.8555396243588277,0.23929026255453456,0.18543812342268767
profile1d_linear__robust_ossm_ukf,fail_lock,806,806.0,0.05238589966716255,0.8553690368330469,0.27183026392992077,0.1698458506209465
profile1d_linear__robust_ossm_ukf,fail_lock,807,807.0,0.05490038282219287,0.8551269807716355,0.3047056260919156,0.1541313213971183
profile1d_linear__robust_ossm_ukf,fail_lock,808,808.0,0.056848881790589036,0.8547551824592443,0.33724389334217864,0.13860683143604705
profile1d_linear__robust_ossm_ukf,fail_lock,809,809.0,0.05808514209040209,0.8541512949145385,0.36877322615641606,0.12357022137100174
profile1d_linear__robust_ossm_ukf,fail_lock,810,810.0,0.058478800424275966,0.8531290421309471,0.398623681595917,0.10929431969017284
profile1d_linear__robust_ossm_ukf,fail_lock,811,811.0,0.057923830766557875,0.8513285289182407,0.42608772544508683,0.09602145405538322
profile1d_linear__robust_ossm_ukf,fail_lock,812,812.0,0.05635585528127158,0.847989258986396,0.4502874113841753,0.08396212555763784
profile1d_linear__robust_ossm_ukf,fail_lock,813,813.0,0.053747685570681034,0.8412931991253665,0.46976659731230974,0.07329643268828052
profile1d_linear__robust_ossm_ukf,fail_lock,814,814.0,0.0501092988638685,0.8262328467073984,0.48114824643924287,0.06417678329968173
profile1d_linear__robust_ossm_ukf,fail_lock,815,815.0,0.04551916086485804,0.7877265610337493,0.4747284883177135,0.0567306914211094
profile1d_linear__robust_ossm_ukf,fail_lock,816,816.0,0.0401528581249831,0.6926686246117865,0.4289185459044262,0.051062915692794954
profile1d_linear__robust_ossm_ukf,fail_lock,817,817.0,0.03413192440948796,0.6743426680095901,0.42620602590415574,0.04725673192896513
profile1d_linear__robust_ossm_ukf,fail_lock,818,818.0,0.02761804888868153,0.6748963137338766,0.4321148328479028,0.04537445692754892
profile1d_linear__robust_ossm_ukf,fail_lock,819,819.0,0.020812163612708646,0.6754944329725462,0.435073537479779,0.045457450423510834
profile1d_linear__robust_ossm_ukf,fail_lock,820,820.0,0.014305115554685844,0.6761184155919794,0.43508292086747963,0.04752588248981085
profile1d_linear__robust_ossm_ukf,fail_lock,821,821.0,0.008368366536922458,0.6767140912831932,0.43202446890173063,0.051578535818712364
profile1d_linear__robust_ossm_ukf,fail_lock,822,822.0,0.0034843244941439584,0.6772567840722885,0.4258186089125115,0.057592816244161314
profile1d_linear__robust_ossm_ukf,fail_lock,823,823.0,0.0004033645604151034,0.6777026906118893,0.41635062548268176,0.06552501548190766
profile1d_linear__robust_ossm_ukf,fail_lock,862,862.0,0.006444441104605987,0.6777832701607412,0.0,0.4548820770265547
profile1d_linear__robust_ossm_ukf,fail_lock,863,863.0,0.011157961481073205,0.7349030928487252,0.0,0.45201715855697805
profile1d_linear__robust_ossm_ukf,fail_lock,864,864.0,0.016310787559251878,0.8085518003007582,0.0,0.4481164044268058
profile1d_linear__robust_ossm_ukf,fail_lock,865,865.0,0.022350847615132948,0.8348237598114809,0.0,0.44313321936127603
profile1d_linear__robust_ossm_ukf,fail_lock,866,866.0,0.02845860839677539,0.8445836966481729,0.0,0.43705572431508677
profile1d_linear__robust_ossm_ukf,fail_lock,867,867.0,0.03445817745863248,0.8487563373536957,0.0,0.42991113295472777
profile1d_linear__robust_ossm_ukf,fail_lock,868,868.0,0.04039236771339803,0.850732039481706,0.0,0.4217667255866712
profile1d_linear__robust_ossm_ukf,fail_lock,869,869.0,0.04622123410242646,0.8517117712267745,0.0,0.4127281425797121
profile1d_linear__robust_ossm_ukf,fail_lock,870,870.0,0.052011356286849636,0.8521882774690676,0.0,0.40293452438717076
profile1d_linear__robust_ossm_ukf,fail_lock,871,871.0,0.058443084773790066,0.852384515127962,0.0,0.39255028569960304
profile1d_linear__robust_ossm_ukf,fail_lock,872,872.0,0.06330762230565039,0.8523911077232428,0.0,0.3817546233080687
profile1d_linear__robust_ossm_ukf,fail_lock,873,873.0,0.06871592298579061,0.8523469893945673,0.0,0.370730602953832
profile1d_linear__robust_ossm_ukf,fail_lock,874,874.0,0.07357516079007734,0.8522177326532601,0.0,0.3596555300376174
profile1d_linear__robust_ossm_ukf,fail_lock,875,875.0,0.07739838461141582,0.8520691048912027,0.0,0.3486929637415023
profile1d_linear__robust_ossm_ukf,fail_lock,876,876.0,0.08271807828924906,0.8519468876265872,0.0,0.3379861326538216
profile1d_linear__robust_ossm_ukf,fail_lock,877,877.0,0.08626359376856035,0.851791648859585,0.0,0.32765349531134375
profile1d_linear__robust_ossm_ukf,fail_lock,878,878.0,0.08908849559028693,0.8517487852632479,0.0,0.3177873228918965
profile1d_linear__robust_ossm_ukf,fail_lock,879,879.0,0.0939698213267771,0.8518080849569438,0.0,0.30845489646643964
profile1d_linear__robust_ossm_ukf,fail_lock,880,880.0,0.09668139669850663,0.8518318627746738,0.00048726277662808294,0.29970107364919274
profile1d_linear__robust_ossm_ukf,fail_lock,881,881.0,0.100415835722406,0.8520585965306585,0.013672691290674848,0.2915507663605554
profile1d_linear__robust_ossm_ukf,fail_lock,882,882.0,0.10385812036147207,0.8523707435446453,0.02567939195527366,0.2840102056978692
profile1d_linear__robust_ossm_ukf,fail_lock,883,883.0,0.10548918301728542,0.8526150708920626,0.03653545657514481,0.2770676628455688
profile1d_linear__robust_ossm_ukf,fail_lock,884,884.0,0.10867236315903155,0.8529198960046288,0.0463051101879997,0.2706945433775797
profile1d_linear__robust_ossm_ukf,fail_lock,885,885.0,0.10919328374185869,0.8530704298151371,0.05506078941640809,0.2648465698605557
profile1d_linear__robust_ossm_ukf,fail_lock,886,886.0,0.11171525697492382,0.853261720615751,0.06291935880231976,0.259465599875862
profile1d_linear__robust_ossm_ukf,fail_lock,887,887.0,0.11205585404574157,0.8532524111937447,0.06998148501669633,0.25448291150588315
profile1d_linear__robust_ossm_ukf,fail_lock,888,888.0,0.11240471108973005,0.8533083697461014,0.07639657703215658,0.24982334787034347
profile1d_linear__robust_ossm_ukf,fail_lock,889,889.0,0.11128036766781241,0.8532741516417004,0.08227898448218458,0.2454094002020053
profile1d_linear__robust_ossm_ukf,fail_lock,890,890.0,0.11147616996575248,0.8532352546593795,0.08776045206688542,0.24116495045890837
profile1d_linear__robust_ossm_ukf,fail_lock,891,891.0,0.1138629614900417,0.8529678504347425,0.09292634033615997,0.23701862772892435
profile1d_linear__robust_ossm_ukf,fail_lock,892,892.0,0.11510699670789078,0.8522622476473856,0.09784513897058887,0.23290669319060664
profile1d_linear__robust_ossm_ukf,fail_lock,893,893.0,0.1154298381976028,0.8506192486369598,0.10253620167826935,0.22877534245450418
profile1d_linear__robust_ossm_ukf,fail_lock,894,894.0,0.11444793071521954,0.8465423598479638,0.10685963306694353,0.22458231302204743
profile1d_linear__robust_ossm_ukf,fail_lock,895,895.0,0.11258583306281802,0.8350896378422789,0.11017068836843108,0.22029771223423955
profile1d_linear__robust_ossm_ukf,fail_lock,896,896.0,0.11054537996746289,0.7996750127121405,0.11009035665495001,0.2159040333957278
profile1d_linear__robust_ossm_ukf,fail_lock,897,897.0,0.10803828222528646,0.7023255303846742,0.10077130089184202,0.21139539416753952
profile1d_linear__robust_ossm_ukf,fail_lock,898,898.0,0.10258291090353933,0.668048181106069,0.09980176163175372,0.20677609781538375
profile1d_linear__robust_ossm_ukf,fail_lock,899,899.0,0.0977681104733866,0.6685575399016366,0.10384049432822232,0.20205863123248002
profile1d_linear__robust_ossm_ukf,fail_lock,900,900.0,0.09120178619445232,0.6690065801694837,0.10787489677883133,0.1972612960033353
profile1d_linear__robust_ossm_ukf,fail_lock,901,901.0,0.08369684647912096,0.6696182008802407,0.1119597771081599,0.19240596618932426
profile1d_linear__robust_ossm_ukf,fail_lock,902,902.0,0.07547942184051407,0.6703161578604193,0.11607855780803018,0.18751656074199133
profile1d_linear__robust_ossm_ukf,fail_lock,903,903.0,0.0666024660345304,0.6710790385419569,0.12022736800697892,0.18261835847033886
profile1d_linear__robust_ossm_ukf,fail_lock,904,904.0,0.05711122450934086,0.6719015746430788,0.12440814100355477,0.17773776210266407
profile1d_linear__robust_ossm_ukf,fail_lock,905,905.0,0.047067177817918575,0.6727792190302246,0.12862765371644658,0.1729021829068152
profile1d_linear__robust_ossm_ukf,fail_lock,906,906.0,0.03540272915113179,0.6737059379416797,0.1329055556796234,0.16814006200352166
profile1d_linear__robust_ossm_ukf,fail_lock,907,907.0,0.018541685484808362,0.6747795219505673,0.1373063223860634,0.1634811184500239
profile1d_linear__robust_ossm_ukf,fail_lock,908,908.0,0.007664379781745716,0.6763263632789259,0.14198867744360746,0.15895693188503343
profile1d_linear__robust_ossm_ukf,fail_lock,909,909.0,0.0019556727252533035,0.6773210880831013,0.14653429025124254,0.15460192729580946
profile1d_linear__robust_ossm_ukf,fail_lock,970,970.0,0.07440613344398514,0.8545542445783594,0.08451843843322164,0.23112723806940863
profile1d_linear__robust_ossm_ukf,fail_lock,971,971.0,0.07895967049717915,0.8544674078434594,0.0885309265230805,0.22748903809634538
profile1d_linear__robust_ossm_ukf,fail_lock,972,972.0,0.08338513028592451,0.8543578528968755,0.09273547927396504,0.22364357707388777
profile1d_linear__robust_ossm_ukf,fail_lock,973,973.0,0.08765774481336752,0.8542301805169562,0.09711486055468294,0.2196002375597526
profile1d_linear__robust_ossm_ukf,fail_lock,974,974.0,0.09176126384662114,0.8540889681635805,0.10165024915453057,0.21537012125760144
profile1d_linear__robust_ossm_ukf,fail_lock,975,975.0,0.09567529928647316,0.8539374936239841,0.1063213437700358,0.21096601549423386
profile1d_linear__robust_ossm_ukf,fail_lock,976,976.0,0.09939027858704698,0.8537771652341445,0.11110632266083946,0.20640248705717812
profile1d_linear__robust_ossm_ukf,fail_lock,977,977.0,0.103355280390456,0.8536071675930124,0.11594064848857726,0.2016960886526353
profile1d_linear__robust_ossm_ukf,fail_lock,978,978.0,0.10682373746740162,0.8534101565641419,0.12082070924409306,0.19686563437471316
profile1d_linear__robust_ossm_ukf,fail_lock,979,979.0,0.10985080037322346,0.853209051016381,0.1257271870337866,0.19193247769136587
profile1d_linear__robust_ossm_ukf,fail_lock,980,980.0,0.11262325415382952,0.8529990183965793,0.1306307057262499,0.18692071371237629
profile1d_linear__robust_ossm_ukf,fail_lock,981,981.0,0.11512145257701223,0.8527706001821312,0.13550020242075753,0.18185723029266274
profile1d_linear__robust_ossm_ukf,fail_lock,982,982.0,0.11732045573008382,0.8525224708416491,0.14030629112532458,0.17677155034876446
profile1d_linear__robust_ossm_ukf,fail_lock,983,983.0,0.11919951188647639,0.8522555149777662,0.14502194405188987,0.1716953150270248
profile1d_linear__robust_ossm_ukf,fail_lock,984,984.0,0.12075117043383252,0.8519738192426467,0.1496249461725663,0.16666127697791186
profile1d_linear__robust_ossm_ukf,fail_lock,985,985.0,0.1219569399820023,0.8516861565935085,0.15410056308941417,0.16170217391306826
profile1d_linear__robust_ossm_ukf,fail_lock,986,986.0,0.12278911444633037,0.8514062627748934,0.1584436645731848,0.1568499965372354
profile1d_linear__robust_ossm_ukf,fail_lock,987,987.0,0.12323247039275902,0.8511485417929626,0.16265936953101923,0.1521355587575676
profile1d_linear__robust_ossm_ukf,fail_lock,988,988.0,0.12327235320569771,0.850920975548518,0.16676273323488308,0.14758803158997516
profile1d_linear__robust_ossm_ukf,fail_lock,989,989.0,0.12289913598816825,0.8507182880231818,0.17077812100745848,0.14323437086977517
profile1d_linear__robust_ossm_ukf,fail_lock,990,990.0,0.1221097917296095,0.8505145410007513,0.17473776189537277,0.1390986659926007
profile1d_linear__robust_ossm_ukf,fail_lock,991,991.0,0.1208419690784633,0.8502536914383785,0.17867912705646694,0.13520145987191454
profile1d_linear__robust_ossm_ukf,fail_lock,992,992.0,0.11910978072573393,0.8498292288135106,0.18263919250810456,0.1315592549917514
profile1d_linear__robust_ossm_ukf,fail_lock,993,993.0,0.11695271871534985,0.8490171580795371,0.1866348555458404,0.1281843269665837
profile1d_linear__robust_ossm_ukf,fail_lock,994,994.0,0.11438336597693245,0.8473001877575346,0.1906179863861869,0.12508469634054256
profile1d_linear__robust_ossm_ukf,fail_lock,995,995.0,0.1114173990532087,0.8432955241771579,0.19433160184607132,0.12226420053790762
profile1d_linear__robust_ossm_ukf,fail_lock,996,996.0,0.10806255544816656,0.8326233080238333,0.19677412985219928,0.11972277748676441
profile1d_linear__robust_ossm_ukf,fail_lock,1086,1086.0,0.003430384107072403,0.8501890664004824,0.13142559547053953,0.25237647312231165
profile1d_linear__robust_ossm_ukf,fail_lock,1087,1087.0,0.004109767608542589,0.8465795528084997,0.12313372265872403,0.2551906277389239
profile1d_linear__robust_ossm_ukf,fail_lock,1088,1088.0,0.004958068051957613,0.8440810271625706,0.11682596385890469,0.257359874697043
profile1d_linear__robust_ossm_ukf,fail_lock,1089,1089.0,0.006023883229046077,0.8428250112696326,0.11304090400718247,0.25867936450473544
profile1d_linear__robust_ossm_ukf,fail_lock,1090,1090.0,0.0073045909141258485,0.8421652150523941,0.11210631414934517,0.2589567561965069
profile1d_linear__robust_ossm_ukf,fail_lock,1091,1091.0,0.008867187789593722,0.841536844951279,0.11439464923561422,0.2580336725329427
profile1d_linear__robust_ossm_ukf,fail_lock,1092,1092.0,0.010692741568448957,0.8406655294027036,0.12019153373394757,0.255806235689978
profile1d_linear__robust_ossm_ukf,fail_lock,1093,1093.0,0.012743949539447295,0.8395224536668362,0.12956537532126014,0.25223812361334763
profile1d_linear__robust_ossm_ukf,fail_lock,1094,1094.0,0.015182446936639298,0.838275600685194,0.14242357690975543,0.2473622921336733
profile1d_linear__robust_ossm_ukf,fail_lock,1095,1095.0,0.01801325649762325,0.8373074166271194,0.15856441623227005,0.24127042612116426
profile1d_linear__robust_ossm_ukf,fail_lock,1096,1096.0,0.021014571859267556,0.837267473409641,0.17777871268718068,0.23409214264060332
profile1d_linear__robust_ossm_ukf,fail_lock,1097,1097.0,0.024095379209328093,0.8389793484776806,0.19994265677231263,0.22596989479166166
profile1d_linear__robust_ossm_ukf,fail_lock,1098,1098.0,0.027174020205094407,0.8429087770065609,0.2249683986340055,0.21703750471851632
profile1d_linear__robust_ossm_ukf,fail_lock,1099,1099.0,0.030182209974895142,0.8480363612804859,0.25246989408722903,0.20740716408747104
profile1d_linear__robust_ossm_ukf,fail_lock,1100,1100.0,0.03307186574585077,0.8514838230600418,0.28141387869538975,0.19716508406138164
profile1d_linear__robust_ossm_ukf,fail_lock,1101,1101.0,0.03582035605310577,0.8514380263288067,0.31083402404110594,0.18637411657884345
profile1d_linear__robust_ossm_ukf,fail_lock,1102,1102.0,0.03842418558558643,0.8494182197784346,0.3408636918313134,0.17508165753909433
profile1d_linear__robust_ossm_ukf,fail_lock,1103,1103.0,0.04089040897214808,0.8475633462363145,0.37211531049034496,0.16333122252820817
profile1d_linear__robust_ossm_ukf,fail_lock,1104,1104.0,0.04323501863853842,0.8465883528715452,0.40481155145902936,0.15117661185117826
profile1d_linear__robust_ossm_ukf,fail_lock,1105,1105.0,0.045492239633528934,0.8463081778713307,0.43875567588380276,0.13869821419153733
profile1d_linear__robust_ossm_ukf,fail_lock,1106,1106.0,0.047703415144172846,0.8463959170849248,0.47352836586042474,0.126020713021818
profile1d_linear__robust_ossm_ukf,fail_lock,1107,1107.0,0.04991618539942057,0.8466487261722142,0.5085634850656766,0.11333037661393965
profile1d_linear__robust_ossm_ukf,fail_lock,1108,1108.0,0.05218011275746888,0.846990403010887,0.543118814361999,0.10088887152062029
profile1d_linear__robust_ossm_ukf,fail_lock,1109,1109.0,0.05453351096520287,0.8474182252099605,0.5762686681696808,0.08903938733397034
profile1d_linear__robust_ossm_ukf,fail_lock,1110,1110.0,0.056995041922877486,0.8479595641655336,0.6069017496753362,0.0782001548792676
profile1d_linear__robust_ossm_ukf,fail_lock,1111,1111.0,0.0595596742755921,0.8486388484612369,0.633058727890159,0.06884091863577402
profile1d_linear__robust_ossm_ukf,fail_lock,1112,1112.0,0.062202216921338184,0.8494513465452813,0.6538601392971385,0.0614404386806687
profile1d_linear__robust_ossm_ukf,fail_lock,1113,1113.0,0.06487737902084155,0.8503516500893836,0.6681510232078145,0.05642810142624606
profile1d_linear__robust_ossm_ukf,fail_lock,1114,1114.0,0.06751682341481945,0.85126458995367,0.6750098384687108,0.054119257499526674
profile1d_linear__robust_ossm_ukf,fail_lock,1115,1115.0,0.07067528327905899,0.8521089542016604,0.6739849004082745,0.05465930284879624
profile1d_linear__robust_ossm_ukf,fail_lock,1116,1116.0,0.0758933330266044,0.8527960898852013,0.6651525426440904,0.057992340708082624
profile1d_linear__robust_ossm_ukf,fail_lock,1117,1117.0,0.08020185794570381,0.8532307404582146,0.6490803329404932,0.06386456404038669
profile1d_linear__robust_ossm_ukf,fail_lock,1118,1118.0,0.08237019609757763,0.8535008433100509,0.62715688469509,0.07186196713376938
profile1d_linear__robust_ossm_ukf,fail_lock,1119,1119.0,0.08584769753654052,0.8536528989535053,0.6008762258060479,0.08147147455092733
profile1d_linear__robust_ossm_ukf,fail_lock,1120,1120.0,0.08939767743395022,0.8535688253354644,0.5710115533921064,0.09214896985526402
profile1d_linear__robust_ossm_ukf,fail_lock,1121,1121.0,0.09128710681808036,0.853241800633096,0.5395823665616749,0.10337883096793156
profile1d_linear__robust_ossm_ukf,fail_lock,1122,1122.0,0.09469653418472623,0.8525572225556683,0.5078495545533084,0.11471551966231691
profile1d_linear__robust_ossm_ukf,fail_lock,1123,1123.0,0.09551363226785728,0.8509228260599434,0.4762996145824383,0.12580486560962104
profile1d_linear__robust_ossm_ukf,fail_lock,1124,1124.0,0.09598851157436486,0.8471463688367834,0.445307265449113,0.13638799688251246
profile1d_linear__robust_ossm_ukf,fail_lock,1200,1200.0,0.09574331073140412,0.8530539415341388,0.24295854779440323,0.1859238413431861
profile1d_linear__robust_ossm_ukf,fail_lock,1201,1201.0,0.10348401945507874,0.8524436213537856,0.2558898889731114,0.17944599062361374
profile1d_linear__robust_ossm_ukf,fail_lock,1202,1202.0,0.11058731868917583,0.851799025083887,0.26836613488352334,0.1732268881000271
profile1d_linear__robust_ossm_ukf,fail_lock,1203,1203.0,0.11765626770241748,0.8511373412863614,0.2801927748643667,0.16737240017082972
profile1d_linear__robust_ossm_ukf,fail_lock,1204,1204.0,0.12439271934574944,0.8504539733796029,0.2911754983011871,0.16197980899358416
profile1d_linear__robust_ossm_ukf,fail_lock,1205,1205.0,0.12974858690687294,0.8497756919822975,0.30115222123415664,0.15713454142158811
profile1d_linear__robust_ossm_ukf,fail_lock,1206,1206.0,0.13473553596113524,0.8491500566935059,0.3097265569692629,0.15290750989559854
profile1d_linear__robust_ossm_ukf,fail_lock,1207,1207.0,0.1393607330273535,0.8485376445439253,0.3166610774845888,0.1493531765538766
profile1d_linear__robust_ossm_ukf,fail_lock,1208,1208.0,0.14280828827515393,0.8479149887048998,0.32213166142555055,0.14650827613482664
profile1d_linear__robust_ossm_ukf,fail_lock,1209,1209.0,0.14501215001187343,0.8472640236888148,0.32609685307472586,0.14439100830043672
profile1d_linear__robust_ossm_ukf,fail_lock,1210,1210.0,0.1461553435301179,0.8465045328683761,0.32853532042488254,0.14300091735132733
profile1d_linear__robust_ossm_ukf,fail_lock,1211,1211.0,0.14604131012335858,0.8454845322434379,0.3294382836098958,0.14231991843380357
profile1d_linear__robust_ossm_ukf,fail_lock,1212,1212.0,0.14486692277210184,0.8439348369902906,0.32879488113316613,0.1423143809368608
profile1d_linear__robust_ossm_ukf,fail_lock,1213,1213.0,0.1427110559725541,0.8412581096666095,0.3264988960437076,0.14293781884320858
profile1d_linear__robust_ossm_ukf,fail_lock,1214,1214.0,0.13926413819927738,0.8360103101169073,0.32214984577044503,0.1441339179552605
profile1d_linear__robust_ossm_ukf,fail_lock,1215,1215.0,0.13420945124693792,0.8241058694249732,0.3143967416906423,0.14583974596280522
profile1d_linear__robust_ossm_ukf,fail_lock,1216,1216.0,0.12827286000675495,0.7923661261268804,0.29860991265303,0.14798897194129967
profile1d_linear__robust_ossm_ukf,fail_lock,1217,1217.0,0.12173345383494537,0.7065096619780767,0.26259968643630854,0.1505149127834388
profile1d_linear__robust_ossm_ukf,fail_lock,1218,1218.0,0.11524078038806834,0.6667667888396415,0.24423971762447466,0.15335322955754987
profile1d_linear__robust_ossm_ukf,fail_lock,1219,1219.0,0.10764766511021912,0.6673747579500025,0.24051308775625482,0.1564441175399206
profile1d_linear__robust_ossm_ukf,fail_lock,1220,1220.0,0.09958397563419306,0.668084672734465,0.2365835880289646,0.1597338112605088
profile1d_linear__robust_ossm_ukf,fail_double,1004,1004.0,0.07635499477082738,0.6704511929743814,0.20197470271140086,0.10858932281223663
profile1d_linear__robust_ossm_ukf,fail_double,1005,1005.0,0.07002704702126136,0.6709978196236588,0.20914437257659144,0.10818820147155804
profile1d_linear__robust_ossm_ukf,fail_double,1006,1006.0,0.06333220075561881,0.6715844477878599,0.21670472920758416,0.10796768976677588
profile1d_linear__robust_ossm_ukf,fail_double,1007,1007.0,0.05635108066541605,0.6722041839324207,0.22464250155377907,0.10791574600266335
profile1d_linear__robust_ossm_ukf,fail_double,1008,1008.0,0.049169843263050565,0.6728494276007564,0.232939352615257,0.10802015758711861
profile1d_linear__robust_ossm_ukf,fail_double,1009,1009.0,0.04185777443985647,0.673512108538253,0.2415720127913766,0.10826816052544151
profile1d_linear__robust_ossm_ukf,fail_double,1010,1010.0,0.03554055434219068,0.6741857573814282,0.25051347407568614,0.10864606537322223
profile1d_linear__robust_ossm_ukf,fail_double,1011,1011.0,0.029221548581230834,0.6747668532613124,0.2596554876597548,0.10913906333869951
profile1d_linear__robust_ossm_ukf,fail_double,1012,1012.0,0.022930132445502627,0.6753472783265909,0.26906002414257424,0.10973123387265016
profile1d_linear__robust_ossm_ukf,fail_double,1013,1013.0,0.016773013028035785,0.7241797755218629,0.2986034875416553,0.11040578944584936
profile1d_linear__robust_ossm_ukf,fail_double,1014,1014.0,0.010426095623895792,0.8067022972624631,0.3439832433493021,0.11114564561303569
profile1d_linear__robust_ossm_ukf,fail_double,1015,1015.0,0.0035784277313811,0.8352993490284223,0.3682502003151833,0.1119343086969335
profile1d_linear__robust_ossm_ukf,fail_double,1016,1016.0,0.0005930613153941199,0.8455894450010987,0.38589413078136847,0.1127567844409764
profile1d_linear__robust_ossm_ukf,fail_double,1017,1017.0,3.16057019465923e-05,0.8499243807262461,0.40038449077283966,0.11360008408290077
profile1d_linear__robust_ossm_ukf,fail_double,1018,1018.0,0.0009873059233056018,0.8520118222623937,0.41280636655357567,0.1144533108000256
profile1d_linear__robust_ossm_ukf,fail_double,1019,1019.0,0.0029135133341251307,0.8531113210841147,0.4228822286841576,0.11530772936426123
profile1d_linear__robust_ossm_ukf,fail_double,1020,1020.0,0.005461146810141486,0.8537267979363353,0.43203486801179075,0.11615702378111963
profile1d_linear__robust_ossm_ukf,fail_double,1021,1021.0,0.008417383639228915,0.8540889610106545,0.4403128400647937,0.11699776200285887
profile1d_linear__robust_ossm_ukf,fail_double,1022,1022.0,0.01159287870687972,0.8543124080971591,0.44772907630597747,0.11783035425704565
profile1d_linear__robust_ossm_ukf,fail_double,1023,1023.0,0.015009895009367833,0.8544550694237842,0.45429405642858156,0.11866051898571296
profile1d_linear__robust_ossm_ukf,fail_double,1024,1024.0,0.01846205659960919,0.8545364830508352,0.45994983328051153,0.11950046278858692
profile1d_linear__robust_ossm_ukf,fail_double,1025,1025.0,0.021841874585505575,0.8545684174039087,0.4646873679364556,0.12036898290192713
profile1d_linear__robust_ossm_ukf,fail_double,1026,1026.0,0.02507268976028634,0.8545540066400733,0.4684640780212675,0.12129032518836502
profile1d_linear__robust_ossm_ukf,fail_double,1027,1027.0,0.028103162443319916,0.8544947928247341,0.47123146910155683,0.12229185683077876
profile1d_linear__robust_ossm_ukf,fail_double,1028,1028.0,0.030904337810321685,0.8543928116983749,0.47294495940917747,0.12340105239596895
profile1d_linear__robust_ossm_ukf,fail_double,1029,1029.0,0.03346630972595992,0.8542519316944374,0.4735734243849782,0.12464287943266278
profile1d_linear__robust_ossm_ukf,fail_double,1030,1030.0,0.035793683395585765,0.8540788464239285,0.4731063606064492,0.12603818392836633
profile1d_linear__robust_ossm_ukf,fail_double,1064,1064.0,0.012635583543669985,0.8173342935240665,0.2508144561310717,0.20521691206104264
profile1d_linear__robust_ossm_ukf,fail_double,1065,1065.0,0.010039660434353191,0.8374866876468592,0.2533574510708697,0.2065748828075552
profile1d_linear__robust_ossm_ukf,fail_double,1066,1066.0,0.007431936157263204,0.8455717463688505,0.2522956210701169,0.2078794842640586
profile1d_linear__robust_ossm_ukf,fail_double,1067,1067.0,0.004994805278424045,0.8494463254851706,0.25007174467964066,0.2091401633129298
profile1d_linear__robust_ossm_ukf,fail_double,1068,1068.0,0.002961722480914865,0.8515861853195671,0.24741295785886622,0.21036846573977336
profile1d_linear__robust_ossm_ukf,fail_double,1069,1069.0,0.0014329879048710944,0.8528862118401612,0.24454326140689223,0.21157910498470084
profile1d_linear__robust_ossm_ukf,fail_double,1070,1070.0,0.00045767228745903043,0.8537128921658881,0.24151902251549187,0.21279091049506704
profile1d_linear__robust_ossm_ukf,fail_double,1071,1071.0,2.702284290595846e-05,0.854228411020149,0.238322148657055,0.21402738784822842
profile1d_linear__robust_ossm_ukf,fail_double,1072,1072.0,7.612374309206491e-05,0.8545076376683024,0.234897478989088,0.2153169488984997
profile1d_linear__robust_ossm_ukf,fail_double,1073,1073.0,0.0003768825379207863,0.8545847676775786,0.23109290498766222,0.21669286998655563
profile1d_linear__robust_ossm_ukf,fail_double,1074,1074.0,0.0007420135792915014,0.8544776872353305,0.2268780504193083,0.21819271491542916
profile1d_linear__robust_ossm_ukf,fail_double,1075,1075.0,0.0010631986963156991,0.8541917086246039,0.2221785743449766,0.21985659075594613
profile1d_linear__robust_ossm_ukf,fail_double,1076,1076.0,0.0012983816190589629,0.8537265936884486,0.21688197060625533,0.22172403336254992
profile1d_linear__robust_ossm_ukf,fail_double,1077,1077.0,0.001447496493686102,0.8530857777076698,0.21089078514495466,0.22383041756665253
profile1d_linear__robust_ossm_ukf,fail_double,1078,1078.0,0.00153348570959066,0.8522886089764076,0.20413472663571516,0.22620360779450102
profile1d_linear__robust_ossm_ukf,fail_double,1079,1079.0,0.0015890211558625975,0.8513968505558568,0.19658613375309344,0.22886015732527346
profile1d_linear__robust_ossm_ukf,fail_double,1080,1080.0,0.0016487741606537475,0.8505659470907689,0.18828196148631857,0.23180053730592368
profile1d_linear__robust_ossm_ukf,fail_double,1081,1081.0,0.0017418404823302323,0.8501010901244808,0.17934293957534939,0.2350043532140979
profile1d_linear__robust_ossm_ukf,fail_double,1082,1082.0,0.0018929204826558163,0.8504295788145443,0.1699687814242046,0.23842645162183504
profile1d_linear__robust_ossm_ukf,fail_double,1083,1083.0,0.002118286155488292,0.8517696995168149,0.16037546630203517,0.24199379356356493
profile1d_linear__robust_ossm_ukf,fail_double,1084,1084.0,0.002434446755782042,0.8533258759574247,0.15067286983444975,0.24560281374242593
profile1d_linear__robust_ossm_ukf,fail_double,1085,1085.0,0.0028725583543353483,0.8530763695076556,0.14089420212650008,0.24911837301543727
profile1d_linear__robust_ossm_ukf,fail_double,1086,1086.0,0.003430384107072403,0.8501890664004824,0.13142559547053953,0.25237647312231165
profile1d_linear__robust_ossm_ukf,fail_double,1087,1087.0,0.004109767608542589,0.8465795528084997,0.12313372265872403,0.2551906277389239
profile1d_linear__robust_ossm_ukf,fail_double,1088,1088.0,0.004958068051957613,0.8440810271625706,0.11682596385890469,0.257359874697043
profile1d_linear__robust_ossm_ukf,fail_double,1089,1089.0,0.006023883229046077,0.8428250112696326,0.11304090400718247,0.25867936450473544
profile1d_linear__robust_ossm_ukf,fail_double,1090,1090.0,0.0073045909141258485,0.8421652150523941,0.11210631414934517,0.2589567561965069
profile1d_linear__robust_ossm_ukf,fail_double,1091,1091.0,0.008867187789593722,0.841536844951279,0.11439464923561422,0.2580336725329427
profile1d_linear__robust_ossm_ukf,fail_double,1092,1092.0,0.010692741568448957,0.8406655294027036,0.12019153373394757,0.255806235689978
profile1d_linear__robust_ossm_ukf,fail_double,1093,1093.0,0.012743949539447295,0.8395224536668362,0.12956537532126014,0.25223812361334763
profile1d_linear__robust_ossm_ukf,fail_double,1094,1094.0,0.015182446936639298,0.838275600685194,0.14242357690975543,0.2473622921336733
profile1d_linear__robust_ossm_ukf,fail_double,1095,1095.0,0.01801325649762325,0.8373074166271194,0.15856441623227005,0.24127042612116426
profile1d_linear__robust_ossm_ukf,fail_double,1096,1096.0,0.021014571859267556,0.837267473409641,0.17777871268718068,0.23409214264060332
profile1d_linear__robust_ossm_ukf,fail_double,1097,1097.0,0.024095379209328093,0.8389793484776806,0.19994265677231263,0.22596989479166166
profile1d_linear__robust_ossm_ukf,fail_double,1098,1098.0,0.027174020205094407,0.8429087770065609,0.2249683986340055,0.21703750471851632
profile1d_linear__robust_ossm_ukf,fail_double,1114,1114.0,0.06751682341481945,0.85126458995367,0.6750098384687108,0.054119257499526674
profile1d_linear__robust_ossm_ukf,fail_double,1115,1115.0,0.07067528327905899,0.8521089542016604,0.6739849004082745,0.05465930284879624
profile1d_linear__robust_ossm_ukf,fail_double,1116,1116.0,0.0758933330266044,0.8527960898852013,0.6651525426440904,0.057992340708082624
profile1d_linear__robust_ossm_ukf,fail_double,1117,1117.0,0.08020185794570381,0.8532307404582146,0.6490803329404932,0.06386456404038669
profile1d_linear__robust_ossm_ukf,fail_double,1118,1118.0,0.08237019609757763,0.8535008433100509,0.62715688469509,0.07186196713376938
profile1d_linear__robust_ossm_ukf,fail_double,1119,1119.0,0.08584769753654052,0.8536528989535053,0.6008762258060479,0.08147147455092733
profile1d_linear__robust_ossm_ukf,fail_double,1120,1120.0,0.08939767743395022,0.8535688253354644,0.5710115533921064,0.09214896985526402
profile1d_linear__robust_ossm_ukf,fail_double,1121,1121.0,0.09128710681808036,0.853241800633096,0.5395823665616749,0.10337883096793156
profile1d_linear__robust_ossm_ukf,fail_double,1122,1122.0,0.09469653418472623,0.8525572225556683,0.5078495545533084,0.11471551966231691
profile1d_linear__robust_ossm_ukf,fail_double,1123,1123.0,0.09551363226785728,0.8509228260599434,0.4762996145824383,0.12580486560962104
profile1d_linear__robust_ossm_ukf,fail_double,1124,1124.0,0.09598851157436486,0.8471463688367834,0.445307265449113,0.13638799688251246
profile1d_linear__robust_ossm_ukf,fail_double,1125,1125.0,0.09442568375834783,0.8370696260101045,0.4133451916885605,0.14629334077060527
profile1d_linear__robust_ossm_ukf,fail_double,1126,1126.0,0.09227261815812647,0.8070515601950218,0.3749436879971619,0.15542222305087464
profile1d_linear__robust_ossm_ukf,fail_double,1127,1127.0,0.08807061822641454,0.7221960697885981,0.31640155609402054,0.16373239976268233
profile1d_linear__robust_ossm_ukf,fail_double,1128,1128.0,0.08432566645046823,0.6699095400998707,0.27773019519477965,0.17122235747925238
profile1d_linear__robust_ossm_ukf,fail_double,1129,1129.0,0.08035642592464684,0.6702577225262532,0.26364182350729537,0.17791788082087473
profile1d_linear__robust_ossm_ukf,fail_double,1130,1130.0,0.07427230104045095,0.6706264410825568,0.2509920338394599,0.183861211601893
profile1d_linear__robust_ossm_ukf,fail_double,1131,1131.0,0.06811925730726266,0.6711909860658832,0.2399476436101281,0.1891024606658531
profile1d_linear__robust_ossm_ukf,fail_double,1132,1132.0,0.060393915895889126,0.6717611451032508,0.2302778943369851,0.193692957693928
profile1d_linear__robust_ossm_ukf,fail_double,1133,1133.0,0.05199311465906068,0.6724758842407318,0.22196578208979353,0.1976803283614677
profile1d_linear__robust_ossm_ukf,fail_double,1134,1134.0,0.04273078227504151,0.6732517067032773,0.21487884605263247,0.20110504461445008
profile1d_linear__robust_ossm_ukf,fail_double,1135,1135.0,0.033554366755426376,0.6741053872869719,0.20896881989731161,0.20399823583562343
profile1d_linear__robust_ossm_ukf,fail_double,1136,1136.0,0.024695176587438007,0.6749493823090693,0.20415205612332246,0.20638067429527893
profile1d_linear__robust_ossm_ukf,fail_double,1137,1137.0,0.016450995102569487,0.6757625290586462,0.20040828574762917,0.20826298837071247
profile1d_linear__robust_ossm_ukf,fail_double,1138,1138.0,0.009202857669539094,0.6765177489465134,0.19773555672310847,0.20964728944818925
profile1d_linear__robust_ossm_ukf,fail_double,1139,1139.0,0.003475341311392929,0.6771805459459223,0.19614482630331234,0.2105304042318896
profile1d_linear__robust_ossm_ukf,fail_double,1140,1140.0,0.0002271159856681611,0.6777035103019945,0.19565334850249977,0.21090855218363244
profile1d_linear__robust_ossm_ukf,fail_double,1141,1141.0,0.0009983873448065818,0.6779997903158382,0.19627361502983337,0.21078270937035126
profile1d_linear__robust_ossm_ukf,fail_double,1142,1142.0,0.004695869295547166,0.6960064055939181,0.20279187038470575,0.2101637215297153
profile1d_linear__robust_ossm_ukf,fail_double,1143,1143.0,0.009629832725655298,0.7898291858112564,0.23268387452080663,0.20907689953268196
profile1d_linear__robust_ossm_ukf,fail_double,1144,1144.0,0.015023871712302725,0.8263050063123656,0.24722983844613608,0.20756621071885012
profile1d_linear__robust_ossm_ukf,fail_double,1145,1145.0,0.020124860911568593,0.8397317420644497,0.25614775300810827,0.2056973001099726
profile1d_linear__robust_ossm_ukf,fail_double,1146,1146.0,0.02520704664107767,0.8453659634764149,0.2635968264233329,0.20355814399853467
profile1d_linear__robust_ossm_ukf,fail_double,1147,1147.0,0.029909533074120146,0.8479859811469102,0.2706147466029434,0.20125688575374057
profile1d_linear__robust_ossm_ukf,fail_double,1148,1148.0,0.03415060069177459,0.8492667463058402,0.2773541348759817,0.19891702584939988
profile1d_linear__robust_ossm_ukf,fail_double,1149,1149.0,0.037889292123485,0.849880515320277,0.28364619764505467,0.1966703454194021
profile1d_linear__robust_ossm_ukf,fail_double,1150,1150.0,0.04111268529219529,0.850137492256378,0.2892221425656089,0.1946481367699007
profile1d_linear__robust_ossm_ukf,fail_double,1151,1151.0,0.04383823509666136,0.8501982010014166,0.2937986271511414,0.1929720199892518
profile1d_linear__robust_ossm_ukf,fail_double,1152,1152.0,0.046102112680357556,0.8501535151084724,0.2971208790242558,0.19174611733565267
profile1d_linear__robust_ossm_ukf,fail_double,1153,1153.0,0.047947788376141325,0.8500582527721207,0.2989861470427385,0.1910517520986788
profile1d_linear__robust_ossm_ukf,fail_double,1154,1154.0,0.04942450974797799,0.8499465482196438,0.2992548975162976,0.19094471870756471
profile1d_linear__robust_ossm_ukf,fail_double,1155,1155.0,0.05058596903789096,0.8498390587135811,0.29785460197962643,0.19145435340694017
profile1d_linear__robust_ossm_ukf,fail_double,1156,1156.0,0.05148984703434892,0.849744902157589,0.294778353515372,0.1925840357569173
profile1d_linear__robust_ossm_ukf,fail_double,1157,1157.0,0.05218809847033406,0.8496596401805168,0.2900774896214345,0.1943135834516242
profile1d_linear__robust_ossm_ukf,fail_double,1158,1158.0,0.052727990773542115,0.8495638578629073,0.2838508661556384,0.19660328276001934
profile1d_linear__robust_ossm_ukf,fail_double,1159,1159.0,0.05314820596636844,0.849423803930471,0.27623463320991,0.19939806816562783
profile1d_linear__robust_ossm_ukf,fail_double,1160,1160.0,0.05348119620238407,0.8491901014454267,0.26739341915486536,0.20263112474398612
profile1d_linear__robust_ossm_ukf,fail_double,1161,1161.0,0.05375277972095642,0.8487875863389178,0.25750895333932605,0.2062274959702661
profile1d_linear__robust_ossm_ukf,fail_double,1162,1162.0,0.05511333464500782,0.8480898601531781,0.24676456488347046,0.21010786345402857
profile1d_linear__robust_ossm_ukf,fail_double,1163,1163.0,0.055804266480462016,0.8468187063930263,0.23529987512981954,0.21419185376940975
profile1d_linear__robust_ossm_ukf,fail_double,1164,1164.0,0.05739953981619527,0.8445412843467613,0.22326207904096132,0.21840034725611876
profile1d_linear__robust_ossm_ukf,fail_double,1165,1165.0,0.05916738321639405,0.8400088234457979,0.2105724131996131,0.22265713240957474
profile1d_linear__robust_ossm_ukf,fail_double,1166,1166.0,0.06021567692667305,0.8299338239020182,0.196746708007056,0.22689053799768483
profile1d_linear__robust_ossm_ukf,fail_double,1167,1167.0,0.06063516832363086,0.8037146875124132,0.1798127454482946,0.2310346601834667
profile1d_linear__robust_ossm_ukf,fail_double,1168,1168.0,0.0611741696092143,0.7304157279794327,0.15401492159919075,0.23502961695411673
profile1d_linear__robust_ossm_ukf,fail_double,1169,1169.0,0.06161822998199204,0.6724037524600202,0.133535499573592,0.23882143059593097
profile1d_linear__robust_ossm_ukf,fail_double,1170,1170.0,0.06183116321894994,0.6723626949460216,0.1257617058006655,0.24236254577306066
profile1d_linear__robust_ossm_ukf,fail_double,1171,1171.0,0.061742070505087676,0.6723430058316792,0.1186331303182505,0.24561312774105085
profile1d_linear__robust_ossm_ukf,fail_double,1172,1172.0,0.06084827845525976,0.6723512440057127,0.11221709315916004,0.24854243251728655
profile1d_linear__robust_ossm_ukf,fail_double,1173,1173.0,0.05903037595522491,0.6724338815201593,0.10656550359955298,0.25112958143216163
profile1d_linear__robust_ossm_ukf,fail_double,1174,1174.0,0.05693646237194013,0.6726019084224756,0.10098353795623337,0.2533635167310833
profile1d_linear__robust_ossm_ukf,fail_double,1175,1175.0,0.054657340078991666,0.6727953615137398,0.09593596553259227,0.25524204887588364
profile1d_linear__robust_ossm_ukf,fail_double,1176,1176.0,0.05123574831337897,0.673005821957654,0.0916937334353947,0.25676995129034685
profile1d_linear__robust_ossm_ukf,fail_double,1177,1177.0,0.046838133518049725,0.6733215780009184,0.08823178333202643,0.257956487895353
profile1d_linear__robust_ossm_ukf,fail_double,1178,1178.0,0.04208118463146637,0.6737270462953336,0.08550421157174784,0.2588130035461327
profile1d_linear__robust_ossm_ukf,fail_double,1179,1179.0,0.03701170294235409,0.6741651915006783,0.0834602629498219,0.2593507637531803
profile1d_linear__robust_ossm_ukf,fail_double,1180,1180.0,0.031675248851002105,0.6746316026886982,0.08206332404299649,0.25957890796648175
profile1d_linear__robust_ossm_ukf,fail_double,1181,1181.0,0.026136282207955587,0.6751219957462258,0.08128621454729185,0.2595024991569001
profile1d_linear__robust_ossm_ukf,fail_double,1182,1182.0,0.02050142490460975,0.6756303681786003,0.08111404175707869,0.25912087220313806
profile1d_linear__robust_ossm_ukf,fail_double,1183,1183.0,0.01494299564687697,0.6761468817996424,0.08154558219757226,0.2584266153954798
profile1d_linear__robust_ossm_ukf,fail_double,1184,1184.0,0.009715623998163834,0.7856316029484774,0.09589450571403646,0.25740540437519827
profile1d_linear__robust_ossm_ukf,fail_double,1185,1185.0,0.005059481596095127,0.8307826460376901,0.10338683778706305,0.2560366930671591
profile1d_linear__robust_ossm_ukf,fail_double,1186,1186.0,0.0016247629316280359,0.8459193225996188,0.10815050798219714,0.2542950475354589
profile1d_linear__robust_ossm_ukf,fail_double,1187,1187.0,3.5647195673045075e-05,0.8517188082345394,0.11270099990589978,0.2521519935252554
profile1d_linear__robust_ossm_ukf,fail_double,1188,1188.0,0.0010451257642049739,0.8542653683472471,0.11781832015053534,0.24957857693728763
profile1d_linear__robust_ossm_ukf,fail_double,1189,1189.0,0.005434407852891624,0.855443177422281,0.12364743888664831,0.24654848132792476
profile1d_linear__robust_ossm_ukf,fail_double,1190,1190.0,0.011368495831470909,0.855924537317054,0.13036272449203373,0.24304114273331673
profile1d_linear__robust_ossm_ukf,fail_double,1191,1191.0,0.01891761692515856,0.8560628207685776,0.13809009596678706,0.2390447173707297
profile1d_linear__robust_ossm_ukf,fail_double,1192,1192.0,0.02727476899297174,0.8559918335504106,0.14680787885514213,0.234558770571796
profile1d_linear__robust_ossm_ukf,fail_double,1193,1193.0,0.03573814643472066,0.855805337951078,0.15650058790613075,0.22959646290492527
profile1d_linear__robust_ossm_ukf,fail_double,1194,1194.0,0.04450527730619608,0.8555591248910163,0.16711800227455276,0.2241863637059639
profile1d_linear__robust_ossm_ukf,fail_double,1195,1195.0,0.053391170692028686,0.8552600650515858,0.1785627119420134,0.2183736168025117
profile1d_linear__robust_ossm_ukf,fail_double,1196,1196.0,0.06224118626942731,0.8549160550678097,0.19071514199614545,0.21221994839890843
profile1d_linear__robust_ossm_ukf,fail_double,1197,1197.0,0.07093274590855218,0.8545270562258558,0.20342550882793436,0.20580255623428514
profile1d_linear__robust_ossm_ukf,fail_double,1198,1198.0,0.07937077564060539,0.8540890087289956,0.21651322635886996,0.19921207318960651
profile1d_linear__robust_ossm_ukf,fail_double,1199,1199.0,0.08747859707295616,0.8535979671646813,0.22976175036376068,0.19254972250131866
profile1d_linear__robust_ossm_ukf,fail_double,1200,1200.0,0.09574331073140412,0.8530539415341388,0.24295854779440323,0.1859238413431861
profile1d_linear__robust_ossm_ukf,fail_double,1201,1201.0,0.10348401945507874,0.8524436213537856,0.2558898889731114,0.17944599062361374
profile1d_linear__robust_ossm_ukf,fail_double,1202,1202.0,0.11058731868917583,0.851799025083887,0.26836613488352334,0.1732268881000271
profile1d_linear__robust_ossm_ukf,fail_double,1203,1203.0,0.11765626770241748,0.8511373412863614,0.2801927748643667,0.16737240017082972
profile1d_linear__robust_ossm_ukf,fail_double,1204,1204.0,0.12439271934574944,0.8504539733796029,0.2911754983011871,0.16197980899358416
profile1d_linear__robust_ossm_ukf,fail_double,1205,1205.0,0.12974858690687294,0.8497756919822975,0.30115222123415664,0.15713454142158811
profile1d_linear__robust_ossm_ukf,fail_double,1206,1206.0,0.13473553596113524,0.8491500566935059,0.3097265569692629,0.15290750989559854
profile1d_linear__robust_ossm_ukf,fail_double,1207,1207.0,0.1393607330273535,0.8485376445439253,0.3166610774845888,0.1493531765538766
profile1d_linear__robust_ossm_ukf,fail_double,1208,1208.0,0.14280828827515393,0.8479149887048998,0.32213166142555055,0.14650827613482664
profile1d_linear__robust_ossm_ukf,fail_double,1209,1209.0,0.14501215001187343,0.8472640236888148,0.32609685307472586,0.14439100830043672
profile1d_linear__robust_ossm_ukf,fail_double,1210,1210.0,0.1461553435301179,0.8465045328683761,0.32853532042488254,0.14300091735132733
profile1d_linear__robust_ossm_ukf,fail_double,1211,1211.0,0.14604131012335858,0.8454845322434379,0.3294382836098958,0.14231991843380357
profile1d_linear__robust_ossm_ukf,fail_double,1212,1212.0,0.14486692277210184,0.8439348369902906,0.32879488113316613,0.1423143809368608
profile1d_linear__robust_ossm_ukf,fail_double,1213,1213.0,0.1427110559725541,0.8412581096666095,0.3264988960437076,0.14293781884320858
profile1d_linear__robust_ossm_ukf,fail_double,1214,1214.0,0.13926413819927738,0.8360103101169073,0.32214984577044503,0.1441339179552605
profile1d_linear__robust_ossm_ukf,fail_double,1215,1215.0,0.13420945124693792,0.8241058694249732,0.3143967416906423,0.14583974596280522
profile1d_linear__robust_ossm_ukf,fail_double,1216,1216.0,0.12827286000675495,0.7923661261268804,0.29860991265303,0.14798897194129967
profile1d_linear__robust_ossm_ukf,fail_double,1217,1217.0,0.12173345383494537,0.7065096619780767,0.26259968643630854,0.1505149127834388
profile1d_linear__robust_ossm_ukf,fail_double,1218,1218.0,0.11524078038806834,0.6667667888396415,0.24423971762447466,0.15335322955754987
profile1d_linear__robust_ossm_ukf,fail_double,1219,1219.0,0.10764766511021912,0.6673747579500025,0.24051308775625482,0.1564441175399206
profile1d_linear__robust_ossm_ukf,fail_double,1220,1220.0,0.09958397563419306,0.668084672734465,0.2365835880289646,0.1597338112605088
profile1d_linear__robust_ossm_ukf,fail_double,1221,1221.0,0.0912826648288742,0.6688372842141668,0.2326096695861799,0.16317522642575027
profile1d_linear__robust_ossm_ukf,fail_double,1222,1222.0,0.08220764402431349,0.6696106728509389,0.22862606908975713,0.16672786017758562
profile1d_linear__robust_ossm_ukf,fail_double,1223,1223.0,0.0726704875776224,0.6704545146540428,0.22468964788117554,0.17035734190525353
profile1d_linear__robust_ossm_ukf,fail_double,1224,1224.0,0.06299660511261128,0.6713394904408125,0.22079711075789862,0.1740347736552302
profile1d_linear__robust_ossm_ukf,fail_double,1225,1225.0,0.05352997531123166,0.6722352252140263,0.21693222003750628,0.17773581267740984
profile1d_linear__robust_ossm_ukf,fail_double,1226,1226.0,0.0445790292796032,0.673109885934643,0.21306915674329993,0.181439669008741
