gt_freq_hz,gt_rr_bpm,snr_of_db,snr_OF_db,freq_mae_OF_base,freq_mae_OF_kfstd,freq_mae_OF_qrobf,snr_P1D-Cubic_db,freq_mae_P1D-Cubic_base,freq_mae_P1D-Cubic_kfstd,freq_mae_P1D-Cubic_qrobf,snr_P1D-Linear_db,freq_mae_P1D-Linear_base,freq_mae_P1D-Linear_kfstd,freq_mae_P1D-Linear_qrobf,snr_P1D-Quad_db,freq_mae_P1D-Quad_base,freq_mae_P1D-Quad_kfstd,freq_mae_P1D-Quad_qrobf,snr_DoF_db,freq_mae_DoF_base,freq_mae_DoF_kfstd,freq_mae_DoF_qrobf,trial_id,pkl_path,tier,tier_order,freq_mae_OF_base_eval,freq_mae_OF_kfstd_eval,freq_mae_OF_qrobf_eval,freq_mae_P1D-Cubic_base_eval,freq_mae_P1D-Cubic_kfstd_eval,freq_mae_P1D-Cubic_qrobf_eval,freq_mae_P1D-Linear_base_eval,freq_mae_P1D-Linear_kfstd_eval,freq_mae_P1D-Linear_qrobf_eval,freq_mae_P1D-Quad_base_eval,freq_mae_P1D-Quad_kfstd_eval,freq_mae_P1D-Quad_qrobf_eval,freq_mae_DoF_base_eval,freq_mae_DoF_kfstd_eval,freq_mae_DoF_qrobf_eval
0.1304791029561672,7.828746177370031,-5.922266230155317,-5.922266230155317,5.3125,3.875,3.4375,-5.312994785641708,2.125,2.1875,2.1875,-5.762489507071097,2.0625,2.0625,2.0625,-5.181274844674068,2.125,2.1875,2.1875,0.3130133663160788,2.25,2.125,1.4375,cohface_13_3,/home/gongjae/Projects/resPyre/results/cohface_robust_ossm/data/cohface_13_3.pkl,Very Poor,0,2.11,1.78,3.0,1.77,1.76,1.81,1.23,1.83,1.92,1.77,1.75,0.69,2.37,1.14,0.73
0.24024024024024024,14.414414414414415,-3.8032068290282375,-3.8032068290282375,3.6363636363636362,0.9090909090909091,1.4545454545454546,3.653020991313393,0.5454545454545454,0.48484848484848486,0.6060606060606061,-2.2047744715792432,0.5454545454545454,0.5454545454545454,0.48484848484848486,3.856795145741846,0.5454545454545454,0.48484848484848486,0.6666666666666666,-3.343014139219127,6.303030303030303,1.1515151515151516,1.696969696969697,cohface_14_0,/home/gongjae/Projects/resPyre/results/cohface_robust_ossm/data/cohface_14_0.pkl,Very Poor,0,1.49,1.03,1.7,0.62,0.6,0.62,0.61,0.6,0.59,0.61,0.59,0.6,5.84,0.97,1.98
0.19611848825331973,11.767109295199184,-3.7926834557262907,-3.7926834557262907,0.125,0.0,0.0,5.380429837913407,0.0,0.0,0.0,8.144708002785228,0.0,0.0,0.0,5.556428203252242,0.0,0.0,0.0,-4.33683331614325,12.375,12.0625,9.9375,cohface_15_1,/home/gongjae/Projects/resPyre/results/cohface_robust_ossm/data/cohface_15_1.pkl,Very Poor,0,0.12,0.11,0.13,0.11,0.11,0.1,0.09,0.09,0.09,0.1,0.11,0.09,11.01,11.75,4.67
0.12968591691995948,7.781155015197569,-3.9612707784942582,-3.9612707784942582,1.1875,0.3125,0.5625,-1.513693700758323,0.125,0.1875,0.1875,-4.524135684347276,0.125,0.0,0.375,-1.4841330805569894,0.125,0.1875,0.1875,1.7986420193605217,3.0,3.0,4.0,cohface_16_0,/home/gongjae/Projects/resPyre/results/cohface_robust_ossm/data/cohface_16_0.pkl,Very Poor,0,0.48,0.31,0.32,0.12,0.19,0.2,0.51,0.28,0.8,0.11,0.19,0.11,2.29,2.81,3.52
0.32586558044806513,19.551934826883908,-4.26746073511748,-4.26746073511748,1.625,1.1875,0.8125,1.4922908314009755,1.25,0.75,1.1875,-2.7299666563960874,3.375,1.5625,0.9375,1.2590958960959253,1.125,0.75,0.5625,-0.6414347757649225,2.125,0.25,0.75,cohface_18_2,/home/gongjae/Projects/resPyre/results/cohface_robust_ossm/data/cohface_18_2.pkl,Very Poor,0,1.68,0.44,0.52,0.3,0.29,0.47,1.75,1.13,0.91,0.27,0.28,0.26,3.08,0.38,1.47
0.21487603305785125,12.892561983471074,-4.029059826310485,-4.029059826310485,0.6451612903225806,0.3870967741935484,0.25806451612903225,-2.9595583970073274,0.9032258064516129,0.5161290322580645,0.5161290322580645,-5.144742661448488,1.935483870967742,0.7096774193548387,1.1612903225806452,-2.8581647143157407,0.9032258064516129,0.5161290322580645,0.8387096774193549,0.5967106222803902,1.3548387096774193,0.967741935483871,0.967741935483871,cohface_19_0,/home/gongjae/Projects/resPyre/results/cohface_robust_ossm/data/cohface_19_0.pkl,Very Poor,0,0.14,0.14,0.21,0.23,0.22,0.28,0.21,0.24,0.27,0.22,0.18,0.26,0.31,0.31,0.39
0.3309203722854188,19.855222337125127,-4.452488342888995,-4.452488342888995,7.225806451612903,5.67741935483871,3.4838709677419355,-3.1457208228118665,3.096774193548387,2.774193548387097,4.064516129032258,-5.691246888769244,7.806451612903226,5.354838709677419,2.3225806451612905,-3.151504194404967,2.4516129032258065,2.5161290322580645,3.935483870967742,-5.54626159939406,6.0,4.193548387096774,7.354838709677419,cohface_21_2,/home/gongjae/Projects/resPyre/results/cohface_robust_ossm/data/cohface_21_2.pkl,Very Poor,0,5.38,5.63,5.14,4.23,3.49,3.99,6.59,6.45,4.5,4.09,3.21,3.95,7.1,3.77,5.94
0.1299492385786802,7.7969543147208125,-5.5792549565898755,-5.5792549565898755,7.125,0.0,0.1875,-2.1299241290101985,0.5625,0.5,3.375,-4.422535159376794,1.25,0.0,0.375,-2.0994832235434306,0.625,0.5,0.0,3.066744536813055,0.5,0.4375,0.4375,cohface_26_0,/home/gongjae/Projects/resPyre/results/cohface_robust_ossm/data/cohface_26_0.pkl,Very Poor,0,5.11,2.73,4.26,2.81,2.48,3.31,1.42,0.37,1.51,2.8,2.29,2.27,0.37,0.32,0.4
0.08138351983723296,4.883011190233978,-5.166477349891893,-5.166477349891893,2.875,2.875,9.625,-1.3915364662418233,1.75,4.3125,5.875,-4.136566960812664,0.9375,4.5,5.4375,-1.3042413903899073,1.75,4.3125,4.875,0.09471351946279416,0.0,1.125,5.875,cohface_26_1,/home/gongjae/Projects/resPyre/results/cohface_robust_ossm/data/cohface_26_1.pkl,Very Poor,0,6.84,6.68,9.96,4.27,4.21,4.69,4.34,4.39,4.57,4.26,4.22,5.22,2.0,2.16,5.84
0.096,5.76,-4.960976026441839,-4.960976026441839,0.9090909090909091,2.121212121212121,2.3636363636363638,-0.8782297560500294,0.42424242424242425,0.8484848484848485,4.545454545454546,-3.907167416414734,4.121212121212121,2.8484848484848486,2.8484848484848486,-0.7622621427047833,0.36363636363636365,0.6666666666666666,1.393939393939394,-2.874964562196278,0.36363636363636365,3.5757575757575757,4.848484848484849,cohface_26_2,/home/gongjae/Projects/resPyre/results/cohface_robust_ossm/data/cohface_26_2.pkl,Very Poor,0,2.14,2.28,2.16,2.81,3.32,6.13,5.63,3.33,3.29,2.79,3.3,3.36,3.0,4.1,6.63
0.09766022380467955,5.859613428280773,-5.727618027490879,-5.727618027490879,6.1875,5.125,6.6875,-1.2583272349672265,0.0,6.0,6.0,-4.305808562829939,0.9375,3.375,6.0,-1.2040130063117618,0.0,6.0,6.0,-2.6491173738240765,3.375,6.0,6.0,cohface_26_3,/home/gongjae/Projects/resPyre/results/cohface_robust_ossm/data/cohface_26_3.pkl,Very Poor,0,4.53,4.92,8.21,6.01,6.01,6.0,1.74,5.16,6.38,6.01,6.01,5.93,4.72,6.04,6.06
0.17512437810945272,10.507462686567163,-3.5703869034141205,-3.5703869034141205,2.3636363636363638,2.3636363636363638,2.3636363636363638,-4.06650785573332,6.0,2.4242424242424243,2.484848484848485,-3.4746581354222177,6.666666666666667,5.2727272727272725,4.909090909090909,-3.9853042572244513,5.696969696969697,2.484848484848485,2.484848484848485,-6.612989616629821,6.363636363636363,1.878787878787879,4.303030303030303,cohface_28_0,/home/gongjae/Projects/resPyre/results/cohface_robust_ossm/data/cohface_28_0.pkl,Very Poor,0,2.33,2.22,2.25,6.52,2.79,2.49,5.06,4.61,2.96,6.42,2.86,2.65,2.13,2.01,3.43
0.20925553319919518,12.55533199195171,-3.8222084932603986,-3.8222084932603986,1.0303030303030303,0.24242424242424243,0.24242424242424243,-2.589830203742986,5.575757575757576,1.0303030303030303,1.393939393939394,-5.983480761397894,5.333333333333333,5.03030303030303,5.03030303030303,-2.538747827369136,5.212121212121212,0.7272727272727273,0.7272727272727273,2.6244195017224436,0.36363636363636365,0.24242424242424243,0.30303030303030304,cohface_28_2,/home/gongjae/Projects/resPyre/results/cohface_robust_ossm/data/cohface_28_2.pkl,Very Poor,0,0.29,0.27,0.25,1.7,1.27,1.25,5.11,4.24,5.03,1.62,1.3,0.33,0.3,0.25,0.29
0.14891416752843847,8.934850051706308,-3.684351130171118,-3.684351130171118,2.967741935483871,2.193548387096774,3.6774193548387095,-1.0482965770173625,0.967741935483871,0.7096774193548387,5.161290322580645,-3.318061341488221,0.8387096774193549,0.6451612903225806,0.8387096774193549,-1.0537904514763499,0.7096774193548387,0.7741935483870968,3.6129032258064515,-4.153213795416903,3.4193548387096775,1.935483870967742,8.064516129032258,cohface_2_0,/home/gongjae/Projects/resPyre/results/cohface_robust_ossm/data/cohface_2_0.pkl,Very Poor,0,0.37,0.3,3.67,0.24,0.23,0.94,0.35,0.27,0.36,0.24,0.23,0.78,3.66,3.43,6.53
0.14891416752843847,8.934850051706308,-5.154725589990065,-5.154725589990065,3.7419354838709675,3.225806451612903,4.580645161290323,-4.0835846287689845,3.4193548387096775,2.0,2.5161290322580645,-4.263966394768075,2.903225806451613,1.2258064516129032,4.129032258064516,-3.9031355110836707,3.4193548387096775,1.935483870967742,3.225806451612903,1.6971327818041195,0.45161290322580644,0.5161290322580645,0.3225806451612903,cohface_2_2,/home/gongjae/Projects/resPyre/results/cohface_robust_ossm/data/cohface_2_2.pkl,Very Poor,0,0.28,0.26,1.13,0.42,0.7,0.34,1.32,0.42,3.76,0.4,0.68,0.84,0.33,0.26,0.32
0.0962888665997994,5.777331995987964,-5.89855838006756,-5.89855838006756,11.272727272727273,8.848484848484848,10.303030303030303,-6.280141158668751,8.848484848484848,5.333333333333333,10.424242424242424,-7.432271276944265,14.06060606060606,11.454545454545455,12.666666666666666,-6.3142272391496,8.848484848484848,5.333333333333333,12.121212121212121,-3.552863244512423,4.848484848484849,5.03030303030303,5.090909090909091,cohface_31_3,/home/gongjae/Projects/resPyre/results/cohface_robust_ossm/data/cohface_31_3.pkl,Very Poor,0,11.0,9.41,11.12,10.25,4.48,11.42,10.9,9.6,12.16,10.25,4.49,11.34,4.67,4.66,4.75
0.14784394250513347,8.870636550308008,-4.735921456006487,-4.735921456006487,12.838709677419354,8.32258064516129,10.0,-4.474409568023041,10.258064516129032,0.967741935483871,8.838709677419354,-4.2177777309793125,11.935483870967742,1.6774193548387097,10.064516129032258,-4.466692036501755,10.258064516129032,0.967741935483871,9.741935483870968,-4.460819737802777,7.032258064516129,8.774193548387096,8.774193548387096,cohface_32_1,/home/gongjae/Projects/resPyre/results/cohface_robust_ossm/data/cohface_32_1.pkl,Very Poor,0,9.24,8.25,9.53,4.33,1.7,9.1,5.45,2.27,10.06,4.32,1.68,8.4,9.13,9.11,9.03
0.08213552361396304,4.9281314168377826,-10.715246901320349,-10.715246901320349,0.1935483870967742,0.12903225806451613,0.1935483870967742,-10.246897769901324,0.06451612903225806,0.1935483870967742,0.1935483870967742,-8.965920333092658,0.9032258064516129,1.1612903225806452,0.8387096774193549,-9.837001714895372,0.0,0.1935483870967742,0.06451612903225806,-5.992920502670707,6.580645161290323,1.8064516129032258,1.6774193548387097,cohface_33_0,/home/gongjae/Projects/resPyre/results/cohface_robust_ossm/data/cohface_33_0.pkl,Very Poor,0,0.18,0.15,0.17,0.26,0.26,0.24,0.81,0.66,0.78,0.25,0.25,0.28,1.11,1.76,2.62
0.19413549039433772,11.648129423660263,-8.790533127399009,-8.790533127399009,3.3125,2.125,2.4375,-4.889414499805121,2.5625,2.1875,1.8125,-5.7941431274307025,10.375,1.3125,5.0,-4.573793576275445,2.5625,0.8125,1.3125,-2.601127030035718,2.4375,0.6875,0.625,cohface_35_0,/home/gongjae/Projects/resPyre/results/cohface_robust_ossm/data/cohface_35_0.pkl,Very Poor,0,1.35,1.24,1.12,0.85,1.54,1.12,3.18,1.29,3.06,0.79,0.31,2.86,2.07,0.6,0.63
0.1951219512195122,11.707317073170731,-3.350123127459879,-3.350123127459879,3.875,0.75,1.625,1.2039934316522496,0.5,0.25,0.4375,-3.008276497715969,7.875,3.1875,5.0625,1.4939944469012119,0.5,0.25,0.5,1.6102993647008956,0.3125,0.1875,0.1875,cohface_35_3,/home/gongjae/Projects/resPyre/results/cohface_robust_ossm/data/cohface_35_3.pkl,Very Poor,0,0.58,0.51,1.65,0.26,0.19,0.22,3.88,3.47,5.54,0.26,0.2,0.43,0.97,0.31,0.35
0.0825593395252838,4.953560371517028,-4.7323170265259265,-4.7323170265259265,1.1612903225806452,1.3548387096774193,2.2580645161290325,2.2712042951780766,0.7096774193548387,0.8387096774193549,3.6129032258064515,-7.501581014363544,0.5161290322580645,0.7741935483870968,0.8387096774193549,2.367764146436353,0.7096774193548387,0.8387096774193549,1.2258064516129032,-4.754765664788527,3.7419354838709675,4.193548387096774,4.645161290322581,cohface_37_3,/home/gongjae/Projects/resPyre/results/cohface_robust_ossm/data/cohface_37_3.pkl,Very Poor,0,2.9,3.96,4.25,0.12,1.46,5.85,0.2,1.3,2.41,0.13,1.27,1.92,5.02,5.6,6.65
0.2316442605997932,13.898655635987593,-4.0038462152074015,-4.0038462152074015,2.838709677419355,3.032258064516129,3.096774193548387,-0.537892082277378,0.5161290322580645,0.967741935483871,2.0,1.2607263494738363,0.1935483870967742,0.967741935483871,1.1612903225806452,-0.3448827117200565,0.1935483870967742,1.2258064516129032,1.3548387096774193,-7.980418036837069,6.387096774193548,2.5161290322580645,7.290322580645161,cohface_3_0,/home/gongjae/Projects/resPyre/results/cohface_robust_ossm/data/cohface_3_0.pkl,Very Poor,0,0.94,0.9,0.98,0.41,0.37,0.65,0.44,0.33,0.45,0.41,0.38,0.61,5.56,2.52,7.58
0.18144329896907216,10.88659793814433,-4.526771213893274,-4.526771213893274,5.290322580645161,0.9032258064516129,4.451612903225806,3.1229184848464673,0.25806451612903225,0.1935483870967742,0.25806451612903225,7.08166310279148,0.45161290322580644,0.5161290322580645,0.3870967741935484,3.3898361921912477,0.25806451612903225,0.1935483870967742,0.12903225806451613,-4.234044009277755,7.806451612903226,7.935483870967742,7.290322580645161,cohface_3_1,/home/gongjae/Projects/resPyre/results/cohface_robust_ossm/data/cohface_3_1.pkl,Very Poor,0,0.28,0.27,0.36,0.11,0.13,0.1,0.18,0.19,0.2,0.1,0.12,0.08,6.66,7.7,6.38
0.2975206611570248,17.85123966942149,-5.271196383357715,-5.271196383357715,1.935483870967742,1.6129032258064515,1.6129032258064515,-1.8632886178400403,0.967741935483871,0.7096774193548387,1.032258064516129,-0.8294726264887565,0.9032258064516129,0.7096774193548387,1.032258064516129,-1.5500400668604961,0.967741935483871,0.7096774193548387,1.2258064516129032,-2.549761031880959,5.096774193548387,2.3225806451612905,2.0,cohface_3_2,/home/gongjae/Projects/resPyre/results/cohface_robust_ossm/data/cohface_3_2.pkl,Very Poor,0,0.6,0.56,0.62,0.34,0.57,0.45,0.41,0.45,0.3,0.41,0.56,0.38,8.81,3.45,2.39
0.1985522233712513,11.91313340227508,-3.855981168517083,-3.855981168517083,2.193548387096774,2.193548387096774,2.193548387096774,0.8068519259952285,1.8064516129032258,2.193548387096774,2.129032258064516,2.9108131004108566,1.3548387096774193,2.064516129032258,2.0,1.0673148693510257,1.2903225806451613,1.8064516129032258,1.8064516129032258,-5.674009230519628,13.35483870967742,5.354838709677419,11.225806451612904,cohface_3_3,/home/gongjae/Projects/resPyre/results/cohface_robust_ossm/data/cohface_3_3.pkl,Very Poor,0,1.13,1.07,1.23,0.83,0.89,1.29,0.73,0.75,0.94,0.68,0.64,0.97,3.64,4.51,9.71
0.14385614385614387,8.631368631368632,-4.304373824643085,-4.304373824643085,9.93939393939394,3.878787878787879,9.757575757575758,-5.5680337272699045,6.0,5.575757575757576,5.878787878787879,-5.688597023490312,11.272727272727273,6.0,11.515151515151516,-5.62332434893059,6.0,5.575757575757576,4.0606060606060606,1.1567454086446347,3.3333333333333335,1.878787878787879,2.0,cohface_40_0,/home/gongjae/Projects/resPyre/results/cohface_robust_ossm/data/cohface_40_0.pkl,Very Poor,0,2.34,2.32,3.46,3.23,4.16,3.9,6.88,5.24,10.84,3.21,4.02,2.59,2.18,1.89,1.98
0.16210739614994935,9.72644376899696,-3.680604303478987,-3.680604303478987,9.8125,7.625,9.8125,-4.1012614633350095,12.0,8.5625,11.125,-4.478333327556526,14.4375,6.1875,11.9375,-4.084588487256022,10.875,8.5625,8.5625,0.6889535857594249,0.875,1.875,2.625,cohface_40_1,/home/gongjae/Projects/resPyre/results/cohface_robust_ossm/data/cohface_40_1.pkl,Very Poor,0,5.62,4.97,5.65,4.61,4.51,5.03,4.94,3.66,5.34,4.84,4.73,5.08,3.55,3.37,1.48
0.12903225806451613,7.741935483870968,-5.3830909675698315,-5.3830909675698315,5.03030303030303,1.7575757575757576,2.242424242424242,-9.9231411226386,6.424242424242424,2.606060606060606,5.151515151515151,-4.87893934542532,4.787878787878788,1.7575757575757576,2.121212121212121,-9.746254906713451,6.848484848484849,2.606060606060606,5.393939393939394,-0.5809381572577442,0.36363636363636365,2.1818181818181817,0.6060606060606061,cohface_40_2,/home/gongjae/Projects/resPyre/results/cohface_robust_ossm/data/cohface_40_2.pkl,Very Poor,0,2.23,1.45,1.68,5.98,4.18,6.38,1.63,2.44,2.28,5.95,4.22,6.57,0.54,2.53,0.81
0.14634146341463417,8.78048780487805,-6.3755314029711,-6.3755314029711,9.875,6.8125,7.0,-7.303343467608892,10.1875,6.75,7.875,-4.88164045777277,5.5625,6.0625,5.375,-7.229077214888045,9.6875,6.75,6.75,0.1755096096081328,1.4375,1.0625,1.375,cohface_40_3,/home/gongjae/Projects/resPyre/results/cohface_robust_ossm/data/cohface_40_3.pkl,Very Poor,0,7.12,6.8,7.05,8.73,6.85,8.16,3.9,5.26,4.35,8.75,6.86,8.9,1.23,0.47,1.93
0.21509824198552224,12.905894519131335,-3.5349284900383577,-3.5349284900383577,0.967741935483871,0.7096774193548387,0.7096774193548387,-1.7206642141638642,0.25806451612903225,0.45161290322580644,1.2258064516129032,-5.137110080086499,0.06451612903225806,0.06451612903225806,0.5161290322580645,-1.489313584399509,0.3870967741935484,0.45161290322580644,0.967741935483871,-4.9561884579422895,7.290322580645161,1.1612903225806452,2.774193548387097,cohface_4_1,/home/gongjae/Projects/resPyre/results/cohface_robust_ossm/data/cohface_4_1.pkl,Very Poor,0,0.35,0.34,0.32,0.26,0.31,0.32,0.11,0.25,0.1,0.26,0.31,0.28,4.94,1.47,2.36
0.23140495867768596,13.884297520661157,-8.919858610488943,-8.919858610488943,2.2580645161290325,1.8709677419354838,2.4516129032258065,0.8223485674624785,0.0,0.0,0.0,-9.412188500069451,1.6774193548387097,0.12903225806451613,0.3870967741935484,1.1705743540295002,0.0,0.0,0.0,-2.6944578051213846,5.741935483870968,3.6129032258064515,5.161290322580645,cohface_4_3,/home/gongjae/Projects/resPyre/results/cohface_robust_ossm/data/cohface_4_3.pkl,Very Poor,0,1.46,1.12,1.59,0.1,0.12,0.17,0.24,0.2,0.18,0.09,0.12,0.13,5.35,2.55,5.86
0.1652892561983471,9.917355371900827,-3.3343655004742097,-3.3343655004742097,0.06451612903225806,0.1935483870967742,0.5806451612903226,6.773994398148688,0.0,0.0,0.0,7.930700761780203,0.0,0.0,0.0,7.0119324641475735,0.0,0.0,0.0,-1.6165008137391046,4.774193548387097,6.774193548387097,6.645161290322581,cohface_5_2,/home/gongjae/Projects/resPyre/results/cohface_robust_ossm/data/cohface_5_2.pkl,Very Poor,0,0.44,0.53,0.7,0.02,0.05,0.07,0.08,0.05,0.09,0.02,0.05,0.25,5.4,6.92,7.38
0.16276703967446593,9.766022380467955,-2.738870573959424,-2.738870573959424,1.25,0.8125,0.8125,1.5919127535618198,0.0625,0.375,0.4375,1.7652862867735446,0.1875,0.5,0.25,1.6348584948530545,0.0625,0.5,0.5,1.0444979624643298,0.9375,0.6875,0.375,cohface_13_1,/home/gongjae/Projects/resPyre/results/cohface_robust_ossm/data/cohface_13_1.pkl,Poor,1,0.86,1.06,1.07,0.73,0.92,0.85,1.19,1.11,1.52,0.74,0.93,0.85,0.69,0.79,0.6
0.17688442211055277,10.613065326633166,-2.965762807414158,-2.965762807414158,7.333333333333333,2.787878787878788,5.636363636363637,1.0178204948173613,1.1515151515151516,0.6666666666666666,5.696969696969697,2.394228475614773,1.2727272727272727,0.9090909090909091,3.0303030303030303,0.928029808079815,1.5151515151515151,0.7272727272727273,5.454545454545454,3.055563032798835,1.2121212121212122,0.42424242424242425,0.6060606060606061,cohface_13_2,/home/gongjae/Projects/resPyre/results/cohface_robust_ossm/data/cohface_13_2.pkl,Poor,1,2.3,2.41,7.07,0.79,1.16,6.2,0.62,0.8,0.98,0.81,1.33,5.61,0.61,0.59,1.49
0.19433198380566802,11.65991902834008,-0.9898675779782607,-0.9898675779782607,0.1875,0.1875,0.1875,4.224533087419235,0.0625,0.0,0.0625,5.283361014965426,0.0625,0.0625,0.0,4.333486358775125,0.0625,0.0,0.0625,-2.008968905740964,1.4375,1.125,2.875,cohface_14_1,/home/gongjae/Projects/resPyre/results/cohface_robust_ossm/data/cohface_14_1.pkl,Poor,1,0.42,0.42,0.43,0.07,0.04,0.1,0.08,0.09,0.08,0.07,0.04,0.13,2.1,2.37,3.78
0.20883534136546184,12.53012048192771,-0.5455981194864117,-0.5455981194864117,1.696969696969697,0.0,0.12121212121212122,2.3260797048821145,0.0,0.0,0.0,-2.354947978326132,0.0,0.0,0.0,2.474280826250823,0.0,0.0,0.0,-0.3166197352837092,0.36363636363636365,0.0,0.18181818181818182,cohface_14_2,/home/gongjae/Projects/resPyre/results/cohface_robust_ossm/data/cohface_14_2.pkl,Poor,1,0.43,0.42,0.45,0.16,0.17,0.2,0.16,0.17,0.18,0.16,0.16,0.22,2.19,0.4,1.54
0.24266936299292216,14.56016177957533,-2.0540558740075845,-2.0540558740075845,3.375,0.25,0.25,2.141629068106839,0.125,0.125,0.125,3.5298306644208988,0.125,0.125,0.125,2.2370136888918952,0.125,0.125,0.125,-3.282494127282289,5.125,0.6875,1.375,cohface_14_3,/home/gongjae/Projects/resPyre/results/cohface_robust_ossm/data/cohface_14_3.pkl,Poor,1,0.47,0.47,0.42,0.27,0.29,0.26,0.28,0.28,0.28,0.26,0.29,0.22,3.11,0.5,1.15
0.17922606924643583,10.75356415478615,-1.6007161278014237,-1.6007161278014237,0.6875,0.6875,0.625,5.030848910698198,0.3125,0.25,0.25,5.449799902669575,0.3125,0.3125,0.3125,5.069331173393003,0.3125,0.25,0.25,-4.223795798474784,10.4375,10.75,10.875,cohface_15_2,/home/gongjae/Projects/resPyre/results/cohface_robust_ossm/data/cohface_15_2.pkl,Poor,1,0.29,0.33,0.52,0.02,0.05,0.04,0.04,0.04,0.05,0.03,0.04,0.02,10.36,9.91,10.45
0.19104477611940296,11.462686567164177,-3.0318909178483837,-3.0318909178483837,0.9696969696969697,1.1515151515151516,6.121212121212121,2.8187585336388854,0.18181818181818182,0.18181818181818182,0.18181818181818182,-3.9462574933973373,0.06060606060606061,0.06060606060606061,0.06060606060606061,2.819089720122796,0.18181818181818182,0.18181818181818182,0.18181818181818182,-3.4652296513233125,7.454545454545454,7.333333333333333,6.848484848484849,cohface_15_3,/home/gongjae/Projects/resPyre/results/cohface_robust_ossm/data/cohface_15_3.pkl,Poor,1,0.67,0.66,5.84,0.08,0.12,0.12,0.92,0.15,0.11,0.07,0.12,0.16,6.35,6.77,6.15
0.16129032258064516,9.67741935483871,-2.360328897037434,-2.360328897037434,0.6875,0.75,1.3125,2.0067290966575726,0.5625,0.625,1.125,-1.8919837574909384,0.75,0.6875,0.625,2.218122668026936,0.625,0.625,0.6875,-2.1105822929302227,1.75,1.9375,6.25,cohface_16_1,/home/gongjae/Projects/resPyre/results/cohface_robust_ossm/data/cohface_16_1.pkl,Poor,1,0.33,0.17,0.18,0.05,0.08,0.05,0.83,0.13,0.14,0.05,0.08,0.06,1.49,0.8,6.52
0.21487603305785125,12.892561983471074,-0.6042745705244351,-0.6042745705244351,1.1612903225806452,0.3225806451612903,0.3870967741935484,2.023642532878942,0.06451612903225806,0.06451612903225806,0.1935483870967742,3.7517684034765404,0.06451612903225806,0.06451612903225806,0.06451612903225806,2.0704718007771756,0.06451612903225806,0.06451612903225806,0.06451612903225806,-0.397537821127038,4.129032258064516,0.3225806451612903,1.5483870967741935,cohface_19_1,/home/gongjae/Projects/resPyre/results/cohface_robust_ossm/data/cohface_19_1.pkl,Poor,1,0.16,0.16,0.17,0.07,0.06,0.13,0.1,0.11,0.09,0.06,0.07,0.09,0.41,0.46,0.59
0.2650103519668737,15.900621118012424,-3.0323711657323833,-3.0323711657323833,0.5161290322580645,0.6451612903225806,0.3870967741935484,7.455105576891256,0.0,0.0,0.0,-2.484860615214644,0.0,0.0,0.0,7.49808778546655,0.0,0.0,0.0,-2.269962961878663,11.806451612903226,1.4193548387096775,1.3548387096774193,cohface_1_3,/home/gongjae/Projects/resPyre/results/cohface_robust_ossm/data/cohface_1_3.pkl,Poor,1,1.34,0.77,0.92,0.14,0.14,0.13,0.1,0.11,0.11,0.14,0.14,0.13,8.97,1.7,1.25
0.34710743801652894,20.826446280991735,-1.2185232371849248,-1.2185232371849248,0.45161290322580644,0.45161290322580644,0.3870967741935484,-2.5742018167665828,3.096774193548387,4.064516129032258,1.096774193548387,-2.5572011876330274,5.032258064516129,7.548387096774194,4.580645161290323,-2.2951940447046533,2.193548387096774,4.064516129032258,3.6774193548387095,-8.416342364634286,13.35483870967742,12.838709677419354,13.612903225806452,cohface_21_0,/home/gongjae/Projects/resPyre/results/cohface_robust_ossm/data/cohface_21_0.pkl,Poor,1,0.37,0.35,0.38,3.39,3.96,2.59,6.0,7.18,4.68,3.34,3.69,3.83,13.15,12.85,12.59
0.34710743801652894,20.826446280991735,-1.777129201696902,-1.777129201696902,1.6129032258064515,1.4838709677419355,1.4838709677419355,-2.7190603165036165,5.483870967741935,2.6451612903225805,3.6774193548387095,-4.016830295247661,6.967741935483871,7.032258064516129,6.838709677419355,-2.8842871664911933,5.032258064516129,2.3225806451612905,4.0,-4.190845550655585,6.258064516129032,5.806451612903226,6.129032258064516,cohface_21_1,/home/gongjae/Projects/resPyre/results/cohface_robust_ossm/data/cohface_21_1.pkl,Poor,1,0.31,0.27,0.31,4.18,2.45,2.68,7.83,6.82,6.39,3.35,2.03,2.59,9.56,6.22,5.34
0.21073961499493415,12.644376899696049,-0.6057736342573038,-0.6057736342573038,5.4375,0.3125,0.3125,-0.396714994876859,1.875,0.25,0.5,1.4968027427130708,0.5,0.4375,0.6875,-0.28555356689976186,3.0625,0.3125,0.125,3.4279853075761126,0.3125,0.375,0.3125,cohface_25_0,/home/gongjae/Projects/resPyre/results/cohface_robust_ossm/data/cohface_25_0.pkl,Poor,1,0.12,0.12,0.15,0.13,0.14,0.22,0.23,0.22,0.26,0.15,0.14,0.22,0.21,0.2,0.22
0.19672131147540983,11.803278688524589,-2.497852852612343,-2.497852852612343,0.0,0.0,0.0,-2.2190983490165515,1.3548387096774193,0.0,4.645161290322581,-0.46400101746869626,1.3548387096774193,0.0,0.0,-2.097359957016934,0.45161290322580644,0.0,0.0,-1.8455151298462902,6.774193548387097,0.9032258064516129,4.451612903225806,cohface_25_1,/home/gongjae/Projects/resPyre/results/cohface_robust_ossm/data/cohface_25_1.pkl,Poor,1,0.35,0.34,0.35,0.11,0.14,0.22,0.22,0.23,0.25,0.11,0.14,0.16,5.16,0.68,3.83
0.1935483870967742,11.612903225806452,-0.8800826599500811,-0.8800826599500811,0.0,0.0,0.0,-0.5897232297869597,0.0,0.0,0.7272727272727273,0.9412746282628458,0.0,0.0,0.0,-0.6172326295912932,0.0,0.0,0.0,0.2402718498541116,0.0,0.0,0.0,cohface_25_2,/home/gongjae/Projects/resPyre/results/cohface_robust_ossm/data/cohface_25_2.pkl,Poor,1,0.16,0.14,0.15,0.18,0.13,0.33,0.1,0.12,0.11,0.16,0.12,0.19,0.18,0.16,0.28
0.22787385554425227,13.672431332655137,-2.3975040833143124,-2.3975040833143124,7.375,1.5,6.125,-1.9301250994443482,10.4375,0.375,10.3125,-0.5163123125126097,4.125,0.5,5.1875,-1.8028335470587202,9.5625,0.375,7.875,-3.8028387807184725,1.6875,1.0,1.875,cohface_25_3,/home/gongjae/Projects/resPyre/results/cohface_robust_ossm/data/cohface_25_3.pkl,Poor,1,4.78,0.41,4.79,6.89,0.34,7.58,2.18,0.36,4.66,4.7,0.32,7.75,2.15,0.46,1.85
0.16210739614994935,9.72644376899696,-1.6333746874160637,-1.6333746874160637,0.125,0.125,0.125,-0.4863474128857059,0.125,0.1875,0.9375,-2.2607329449727174,0.875,0.5,0.0,-0.43067822249762533,0.125,0.1875,0.0625,-2.0461867798945423,1.75,0.5,6.0625,cohface_27_2,/home/gongjae/Projects/resPyre/results/cohface_robust_ossm/data/cohface_27_2.pkl,Poor,1,0.28,0.29,0.28,0.22,0.32,0.56,0.25,0.31,0.29,0.21,0.31,0.18,1.96,0.5,5.32
0.21181262729124234,12.708757637474541,-2.818810588616061,-2.818810588616061,4.25,1.8125,2.875,-1.223237881050767,6.6875,1.1875,3.5625,-5.288874285445342,2.9375,0.6875,0.6875,-1.0908302102717975,6.75,1.1875,0.5625,1.6427908301760288,0.75,1.0,1.9375,cohface_29_2,/home/gongjae/Projects/resPyre/results/cohface_robust_ossm/data/cohface_29_2.pkl,Poor,1,1.4,1.36,1.55,2.61,1.08,3.47,0.45,0.58,0.56,2.61,1.08,0.23,0.22,0.52,1.33
0.18181818181818182,10.90909090909091,-2.8643245162975832,-2.8643245162975832,4.580645161290323,1.6774193548387097,4.903225806451613,-4.8137906049715165,2.6451612903225805,0.8387096774193549,1.3548387096774193,-7.182816279185758,3.4193548387096775,0.12903225806451613,1.5483870967741935,-4.790381192609142,2.6451612903225805,0.8387096774193549,1.096774193548387,-2.555308207290371,3.4193548387096775,0.1935483870967742,6.967741935483871,cohface_2_1,/home/gongjae/Projects/resPyre/results/cohface_robust_ossm/data/cohface_2_1.pkl,Poor,1,4.91,1.3,8.0,0.14,0.23,1.2,1.77,0.23,0.21,0.12,0.22,1.13,1.91,0.31,9.33
0.14784394250513347,8.870636550308008,-1.226204090702169,-1.226204090702169,3.096774193548387,3.2903225806451615,9.096774193548388,0.2060189954735755,3.4193548387096775,1.7419354838709677,2.6451612903225805,-1.4700291350138686,3.161290322580645,2.0,3.225806451612903,-1.8105145349733527,1.1612903225806452,1.096774193548387,1.935483870967742,-4.773866049736078,9.483870967741936,10.064516129032258,10.193548387096774,cohface_32_0,/home/gongjae/Projects/resPyre/results/cohface_robust_ossm/data/cohface_32_0.pkl,Poor,1,2.54,2.11,6.12,2.12,2.13,2.46,2.83,2.13,2.84,2.03,2.02,2.74,6.29,7.67,9.46
0.12903225806451613,7.741935483870968,-1.7280528538248046,-1.7280528538248046,2.242424242424242,2.121212121212121,9.151515151515152,-3.1800878353632704,9.757575757575758,3.1515151515151514,16.484848484848484,-5.053251135231955,11.757575757575758,12.121212121212121,16.181818181818183,-3.534187550920087,11.515151515151516,3.1515151515151514,15.333333333333334,-2.495335879130769,4.666666666666667,4.7272727272727275,5.636363636363637,cohface_32_2,/home/gongjae/Projects/resPyre/results/cohface_robust_ossm/data/cohface_32_2.pkl,Poor,1,5.42,5.52,8.58,6.44,3.02,15.69,4.41,10.81,13.95,9.08,3.16,12.72,4.78,4.34,5.63
0.11278952668680765,6.767371601208459,-3.141845783813262,-3.141845783813262,8.363636363636363,2.8484848484848486,11.151515151515152,-2.5837950897851636,1.7575757575757576,1.7575757575757576,1.3333333333333333,-4.87365576890593,14.181818181818182,9.93939393939394,16.0,-3.1303689768614484,2.6666666666666665,3.6363636363636362,1.2727272727272727,-4.384320098738418,7.636363636363637,8.0,8.0,cohface_32_3,/home/gongjae/Projects/resPyre/results/cohface_robust_ossm/data/cohface_32_3.pkl,Poor,1,3.44,4.27,9.49,1.04,1.32,1.08,6.92,7.92,9.56,5.35,2.95,1.63,7.38,6.78,8.74
0.163265306122449,9.795918367346939,-2.09259133240228,-2.09259133240228,0.0625,0.0,0.125,2.6223876006603892,0.0,0.0,0.0,-2.2126117127878424,6.25,1.1875,2.4375,2.655893465465718,0.0,0.0,0.1875,-3.869314863047567,7.75,7.8125,9.375,cohface_35_1,/home/gongjae/Projects/resPyre/results/cohface_robust_ossm/data/cohface_35_1.pkl,Poor,1,0.37,0.4,0.52,0.15,0.16,0.14,1.78,0.84,2.21,0.15,0.16,0.23,6.64,6.81,8.32
0.081799591002045,4.9079754601226995,-1.838519368701692,-1.838519368701692,1.5,1.625,1.625,-1.8386356803325428,1.5625,1.625,1.5625,-0.4147940754634088,1.5,1.9375,1.9375,-1.8680387275849282,1.5,1.625,1.8125,-0.7290177799594568,5.25,3.5,5.625,cohface_36_2,/home/gongjae/Projects/resPyre/results/cohface_robust_ossm/data/cohface_36_2.pkl,Poor,1,3.17,3.2,3.19,3.2,3.18,3.16,3.12,3.19,3.17,3.19,3.18,3.15,2.07,5.59,8.85
0.0825593395252838,4.953560371517028,-0.8588531903545548,-0.8588531903545548,2.3225806451612905,3.4193548387096775,4.580645161290323,4.99945782343597,1.7419354838709677,1.032258064516129,2.193548387096774,-6.037167358824064,0.3870967741935484,0.7096774193548387,1.7419354838709677,5.053639624263397,1.6129032258064515,1.032258064516129,3.3548387096774195,-7.7830038312234695,10.96774193548387,12.838709677419354,11.870967741935484,cohface_37_2,/home/gongjae/Projects/resPyre/results/cohface_robust_ossm/data/cohface_37_2.pkl,Poor,1,0.12,5.18,7.24,0.02,0.96,4.28,0.06,0.08,2.67,0.02,0.84,0.96,9.85,12.62,12.01
0.2755825734549139,16.534954407294833,-0.9552185630415013,-0.9552185630415013,0.5625,0.5,0.5625,-4.193219878276287,8.6875,2.5,7.5,-0.4773755108561023,1.125,0.25,0.75,-3.974994817654082,8.75,1.6875,8.3125,-0.8732993441912504,2.375,1.25,2.25,cohface_38_0,/home/gongjae/Projects/resPyre/results/cohface_robust_ossm/data/cohface_38_0.pkl,Poor,1,0.23,0.21,0.22,6.3,2.52,5.38,0.75,0.4,0.38,5.43,1.87,5.22,2.78,1.43,1.69
0.23140495867768596,13.884297520661157,-1.5782677175039357,-1.5782677175039357,2.5806451612903225,2.5806451612903225,2.6451612903225805,0.9408189151579011,2.5806451612903225,3.096774193548387,2.5161290322580645,-2.705695669360599,3.2903225806451615,3.6774193548387095,3.032258064516129,1.022558897189018,2.5806451612903225,3.096774193548387,2.3870967741935485,-1.1295381300047156,2.6451612903225805,1.8709677419354838,2.903225806451613,cohface_4_0,/home/gongjae/Projects/resPyre/results/cohface_robust_ossm/data/cohface_4_0.pkl,Poor,1,0.75,0.76,0.76,1.23,0.95,1.21,1.13,0.82,1.17,1.21,0.93,0.93,1.74,1.68,1.86
0.2644628099173554,15.867768595041323,-2.0820468394820466,-2.0820468394820466,1.3548387096774193,0.967741935483871,0.0,5.188618120657064,0.0,0.0,0.0,4.257390491035903,0.0,0.0,0.12903225806451613,5.292122104326451,0.0,0.0,0.0,-6.485136064772591,4.258064516129032,2.4516129032258065,2.967741935483871,cohface_4_2,/home/gongjae/Projects/resPyre/results/cohface_robust_ossm/data/cohface_4_2.pkl,Poor,1,0.44,0.28,0.4,0.09,0.14,0.11,0.2,0.17,0.25,0.08,0.14,0.14,3.22,1.82,2.96
0.14860681114551083,8.91640866873065,-2.330238145259724,-2.330238145259724,5.290322580645161,1.096774193548387,3.4838709677419355,3.8270011075898913,0.06451612903225806,0.06451612903225806,0.12903225806451613,-5.640276181248774,2.2580645161290325,0.25806451612903225,0.3225806451612903,4.073945206058892,0.06451612903225806,0.06451612903225806,0.0,-5.673013236105126,4.258064516129032,6.967741935483871,6.193548387096774,cohface_5_0,/home/gongjae/Projects/resPyre/results/cohface_robust_ossm/data/cohface_5_0.pkl,Poor,1,0.28,0.34,0.38,0.15,0.15,0.23,0.2,0.17,0.34,0.14,0.14,0.25,4.4,5.6,5.37
0.1652892561983471,9.917355371900827,-2.3111626433602472,-2.3111626433602472,11.03225806451613,0.3870967741935484,4.709677419354839,7.407171488480113,0.0,0.0,0.0,-3.5326813010167877,0.3870967741935484,0.1935483870967742,0.1935483870967742,7.540736580807339,0.0,0.0,0.0,-5.322246557530482,9.290322580645162,9.35483870967742,9.548387096774194,cohface_5_1,/home/gongjae/Projects/resPyre/results/cohface_robust_ossm/data/cohface_5_1.pkl,Poor,1,0.68,0.52,0.51,0.16,0.14,0.12,0.13,0.13,0.11,0.16,0.15,0.16,9.07,8.52,9.95
0.1821946169772257,10.931677018633541,-0.7306151149858519,-0.7306151149858519,1.6774193548387097,1.4193548387096775,1.8064516129032258,6.729804559632262,0.5161290322580645,0.5161290322580645,0.5161290322580645,8.494855623480717,0.45161290322580644,0.45161290322580644,0.45161290322580644,6.894142235295602,0.45161290322580644,0.5161290322580645,0.5161290322580645,-3.5794232976053895,10.838709677419354,10.96774193548387,10.96774193548387,cohface_5_3,/home/gongjae/Projects/resPyre/results/cohface_robust_ossm/data/cohface_5_3.pkl,Poor,1,0.25,0.17,2.43,0.1,0.09,0.12,0.16,0.14,0.17,0.1,0.09,0.13,8.53,6.6,7.9
0.19834710743801653,11.900826446280991,-0.9074379178702277,-0.9074379178702277,0.967741935483871,0.9032258064516129,1.5483870967741935,-0.2973901554228302,0.7741935483870968,1.096774193548387,2.129032258064516,-2.1570925440971602,1.3548387096774193,1.032258064516129,2.2580645161290325,-0.23089676768680711,0.7741935483870968,1.096774193548387,2.064516129032258,-1.1396474912795984,5.741935483870968,4.387096774193548,4.580645161290323,cohface_8_2,/home/gongjae/Projects/resPyre/results/cohface_robust_ossm/data/cohface_8_2.pkl,Poor,1,1.54,1.51,1.62,1.48,1.12,1.73,1.99,1.29,1.83,1.43,1.13,1.74,5.48,4.27,3.94
0.1953204476093591,11.719226856561546,1.8432696695018334,1.8432696695018334,0.0,0.0,0.0,3.630232072189031,0.0,0.0,0.0,-1.2944510534591955,0.0,0.0,0.0,3.6939823388314745,0.0,0.0,0.0,1.3773240143775392,0.0,0.0,0.0,cohface_10_0,/home/gongjae/Projects/resPyre/results/cohface_robust_ossm/data/cohface_10_0.pkl,Fair,2,0.14,0.13,0.13,0.13,0.16,0.12,0.35,0.28,0.38,0.13,0.15,0.16,0.33,0.3,0.32
0.22787385554425227,13.672431332655137,0.8615059501731304,0.8615059501731304,8.4375,0.6875,0.6875,2.1399983572457804,0.4375,0.625,0.5625,-2.191974426937687,1.125,1.0625,1.125,2.2037586213950764,0.4375,0.625,1.3125,-0.2469279692722802,2.5625,1.0625,1.0625,cohface_10_1,/home/gongjae/Projects/resPyre/results/cohface_robust_ossm/data/cohface_10_1.pkl,Fair,2,0.78,0.73,0.81,0.64,0.6,0.56,1.43,1.22,1.01,0.63,0.59,1.16,1.43,1.28,1.31
0.17995910020449898,10.797546012269938,1.467469860198378,1.467469860198378,0.9375,0.375,1.0,2.6048169204665763,0.625,0.3125,0.3125,4.573284981351654,0.0,0.0625,0.125,2.722702763358069,0.5,0.3125,0.1875,1.1477791212507975,2.875,0.375,0.3125,cohface_10_2,/home/gongjae/Projects/resPyre/results/cohface_robust_ossm/data/cohface_10_2.pkl,Fair,2,0.15,0.16,0.19,0.11,0.15,0.17,0.09,0.1,0.12,0.11,0.14,0.24,3.0,0.23,0.23
0.2120285423037717,12.721712538226301,1.823793549859265,1.823793549859265,2.375,0.1875,0.25,-0.013387343080686707,7.0,0.5,0.5,-3.4435699340685866,0.5625,0.5,0.5625,0.5839077383893577,3.1875,0.4375,0.5,1.3834168440883612,0.875,0.4375,0.0625,cohface_11_0,/home/gongjae/Projects/resPyre/results/cohface_robust_ossm/data/cohface_11_0.pkl,Fair,2,0.09,0.09,0.11,0.26,0.2,0.36,0.22,0.19,0.16,0.25,0.2,0.22,0.28,0.24,0.35
0.20533070088845012,12.319842053307008,0.6852554812427719,0.6852554812427719,0.058823529411764705,0.058823529411764705,0.058823529411764705,-0.49280220150522164,0.29411764705882354,0.0,0.0,-5.470166734917557,9.235294117647058,2.588235294117647,2.823529411764706,-0.5209130033279065,0.5294117647058824,0.058823529411764705,0.0,0.2776320768471053,0.47058823529411764,0.0,0.0,cohface_11_1,/home/gongjae/Projects/resPyre/results/cohface_robust_ossm/data/cohface_11_1.pkl,Fair,2,0.27,0.28,0.33,0.39,0.52,0.53,4.13,2.06,3.6,0.41,0.54,0.47,0.59,0.59,0.54
0.1790437436419125,10.74262461851475,-0.1591237233575907,-0.1591237233575907,0.875,0.875,1.0625,-1.0138243701299716,0.75,1.3125,1.25,-3.606574553121576,5.4375,1.9375,6.3125,-1.0161109395454433,0.75,1.125,1.125,0.7229835875831875,1.3125,1.25,0.6875,cohface_11_3,/home/gongjae/Projects/resPyre/results/cohface_robust_ossm/data/cohface_11_3.pkl,Fair,2,2.47,2.48,3.03,2.1,2.98,1.95,4.72,2.65,6.36,2.12,2.92,2.11,0.37,0.47,0.41
0.24069675376088676,14.441805225653205,1.113673228626868,1.113673228626868,0.8571428571428571,0.8571428571428571,0.8571428571428571,1.8615582445410772,0.3673469387755102,0.8979591836734694,0.9795918367346939,2.894869995578196,0.32653061224489793,0.8571428571428571,0.7755102040816326,1.9668370989830724,0.3673469387755102,0.8979591836734694,0.9387755102040817,-1.3691806553893915,4.857142857142857,1.469387755102041,1.5510204081632653,cohface_12_0,/home/gongjae/Projects/resPyre/results/cohface_robust_ossm/data/cohface_12_0.pkl,Fair,2,0.38,0.39,0.47,0.22,0.52,0.42,0.23,0.5,0.36,0.21,0.51,0.53,0.47,0.74,1.03
0.24464831804281348,14.678899082568808,1.0226116082212582,1.0226116082212582,0.5625,0.5625,0.6875,1.1986079302247374,0.375,0.5625,0.8125,2.4685239874597764,0.1875,0.375,0.3125,1.2198824157948225,0.375,0.5625,0.5625,-2.032333077090503,3.125,0.75,0.9375,cohface_12_1,/home/gongjae/Projects/resPyre/results/cohface_robust_ossm/data/cohface_12_1.pkl,Fair,2,0.99,0.79,1.12,0.25,0.27,0.51,0.07,0.21,0.15,0.26,0.27,0.3,0.68,0.52,1.18
0.1783181357649443,10.699088145896658,1.3499947813496347,1.3499947813496347,0.75,1.5625,2.0625,3.283342253942751,0.0625,0.5625,1.25,5.407524996735499,0.5,0.75,0.5,3.400908029654607,0.0625,0.5625,1.1875,-0.38332971433568463,2.75,3.625,3.0625,cohface_12_3,/home/gongjae/Projects/resPyre/results/cohface_robust_ossm/data/cohface_12_3.pkl,Fair,2,0.73,0.89,2.02,0.33,0.29,0.84,0.34,0.44,0.33,0.32,0.3,0.61,4.13,2.85,2.72
0.229038854805726,13.74233128834356,0.29248254409757335,0.29248254409757335,0.25,0.0,0.0,5.960770826775601,0.0,0.0,0.0,6.830915474494416,0.0,0.0,0.0,5.978715720739691,0.0,0.0,0.0,-0.23767177642885828,0.0,0.0,0.0,cohface_13_0,/home/gongjae/Projects/resPyre/results/cohface_robust_ossm/data/cohface_13_0.pkl,Fair,2,0.91,0.68,0.8,0.11,0.12,0.11,0.09,0.09,0.07,0.11,0.11,0.09,0.39,0.36,0.57
0.16923076923076924,10.153846153846155,1.0943793362612748,1.0943793362612748,0.0,0.0,0.0,5.279586602349486,0.0,0.0,0.0,7.778546137421182,0.0,0.0,0.0,5.440238539038712,0.0,0.0,0.0,-6.8527621514683315,11.428571428571429,10.114285714285714,11.657142857142857,cohface_15_0,/home/gongjae/Projects/resPyre/results/cohface_robust_ossm/data/cohface_15_0.pkl,Fair,2,0.4,0.39,0.46,0.04,0.06,0.04,0.08,0.08,0.08,0.04,0.06,0.05,10.3,10.21,10.28
0.16276703967446593,9.766022380467955,1.7643606093813107,1.7643606093813107,1.625,1.1875,2.875,4.4135837144899215,0.1875,0.125,0.1875,3.9928332149401036,0.125,0.125,1.125,4.514085642142202,0.125,0.125,0.1875,0.8999090025621865,2.9375,0.75,4.9375,cohface_16_3,/home/gongjae/Projects/resPyre/results/cohface_robust_ossm/data/cohface_16_3.pkl,Fair,2,0.09,0.11,3.6,0.15,0.16,0.17,0.22,0.23,0.25,0.16,0.17,0.15,0.93,0.3,4.85
0.1955193482688391,11.731160896130346,1.8698491073593961,1.8698491073593961,0.0,0.0,0.0,1.3877945088311479,0.125,0.0,0.125,2.1649302815376568,0.0625,0.125,0.5,1.378970773141068,0.0625,0.0,0.0,-3.785211523981946,5.875,2.8125,3.6875,cohface_17_0,/home/gongjae/Projects/resPyre/results/cohface_robust_ossm/data/cohface_17_0.pkl,Fair,2,0.19,0.18,0.21,0.23,0.22,0.15,0.55,0.51,0.63,0.16,0.18,0.24,5.71,4.13,5.28
0.1774193548387097,10.645161290322582,0.5623540259808101,0.5623540259808101,4.6875,0.8125,6.5625,-0.19239692756189977,1.6875,0.375,5.25,1.1517968651615247,3.25,0.5625,5.875,0.0797135495211901,2.625,0.3125,3.5625,-0.10700891342258538,0.8125,0.375,0.6875,cohface_17_3,/home/gongjae/Projects/resPyre/results/cohface_robust_ossm/data/cohface_17_3.pkl,Fair,2,0.09,0.08,0.09,0.43,0.4,1.62,0.35,0.35,3.57,0.32,0.31,1.51,0.29,0.28,0.34
0.36984924623115584,22.19095477386935,2.016983048899715,2.016983048899715,0.06060606060606061,0.12121212121212122,0.12121212121212122,-0.39021314091590653,0.8484848484848485,0.12121212121212122,2.484848484848485,-3.2055211921674873,6.303030303030303,4.242424242424242,2.121212121212121,-0.027278711879765147,0.6666666666666666,0.06060606060606061,0.18181818181818182,-1.9587590126889607,4.363636363636363,2.909090909090909,6.424242424242424,cohface_18_0,/home/gongjae/Projects/resPyre/results/cohface_robust_ossm/data/cohface_18_0.pkl,Fair,2,0.15,0.16,0.17,0.98,0.89,4.52,4.88,4.83,1.88,0.82,0.52,1.51,5.85,2.19,5.12
0.3373493975903614,20.240963855421686,1.2499062444696944,1.2499062444696944,0.0,0.0,0.0,1.3222978302235155,0.42424242424242425,0.48484848484848486,0.42424242424242425,-1.8940309271713258,5.636363636363637,6.121212121212121,5.212121212121212,1.455938019717124,0.42424242424242425,0.36363636363636365,0.30303030303030304,-3.047920152515082,3.757575757575758,0.0,1.0909090909090908,cohface_18_3,/home/gongjae/Projects/resPyre/results/cohface_robust_ossm/data/cohface_18_3.pkl,Fair,2,0.5,0.5,0.47,0.54,0.54,0.86,5.39,6.13,4.84,0.49,0.41,0.39,4.77,2.93,1.79
0.24742268041237114,14.845360824742269,0.23045880002978664,0.23045880002978664,6.838709677419355,0.12903225806451613,0.06451612903225806,-2.443536671387833,14.774193548387096,0.0,0.8387096774193549,-0.9356512732570766,8.193548387096774,0.5161290322580645,1.4193548387096775,-2.7097793986005603,14.774193548387096,0.0,1.096774193548387,1.4344135382807546,2.903225806451613,0.1935483870967742,0.12903225806451613,cohface_19_2,/home/gongjae/Projects/resPyre/results/cohface_robust_ossm/data/cohface_19_2.pkl,Fair,2,0.26,0.25,0.3,0.32,0.26,0.95,0.47,0.33,1.59,0.33,0.26,2.29,0.27,0.24,0.28
0.28186528497409324,16.911917098445596,-0.007316123358973988,-0.007316123358973988,0.25806451612903225,0.25806451612903225,0.5161290322580645,6.93122616270723,0.1935483870967742,0.1935483870967742,0.1935483870967742,8.569614851449447,0.1935483870967742,0.1935483870967742,0.1935483870967742,6.973083259887193,0.1935483870967742,0.1935483870967742,0.1935483870967742,-6.606404135461665,4.709677419354839,2.838709677419355,3.2903225806451615,cohface_1_0,/home/gongjae/Projects/resPyre/results/cohface_robust_ossm/data/cohface_1_0.pkl,Fair,2,0.38,0.38,0.4,0.34,0.4,0.34,0.32,0.38,0.31,0.34,0.39,0.32,4.1,2.93,3.45
0.2815734989648033,16.8944099378882,-0.12769247435004744,-0.12769247435004744,1.096774193548387,0.8387096774193549,1.032258064516129,6.603550359094397,0.3225806451612903,0.3870967741935484,0.3870967741935484,-3.9611260830130695,0.3225806451612903,0.1935483870967742,0.1935483870967742,6.519685787199654,0.3225806451612903,0.3870967741935484,0.3870967741935484,-3.091379851837953,7.741935483870968,3.935483870967742,2.7096774193548385,cohface_1_1,/home/gongjae/Projects/resPyre/results/cohface_robust_ossm/data/cohface_1_1.pkl,Fair,2,0.25,0.24,0.2,0.09,0.08,0.16,0.08,0.06,0.1,0.09,0.07,0.13,5.26,3.29,2.62
0.3146997929606625,18.88198757763975,1.4044511586380288,1.4044511586380288,0.3225806451612903,0.25806451612903225,0.25806451612903225,9.231083964768688,0.25806451612903225,0.25806451612903225,0.25806451612903225,-1.8669278151949418,2.129032258064516,1.2258064516129032,1.4838709677419355,9.334019917005795,0.25806451612903225,0.25806451612903225,0.25806451612903225,-5.449531595268709,5.225806451612903,4.774193548387097,6.258064516129032,cohface_1_2,/home/gongjae/Projects/resPyre/results/cohface_robust_ossm/data/cohface_1_2.pkl,Fair,2,0.27,0.25,0.27,0.15,0.15,0.15,2.91,1.57,1.77,0.14,0.15,0.13,4.7,5.06,5.25
0.29660144181256437,17.796086508753863,-0.32676273820451984,-0.32676273820451984,3.2903225806451615,3.7419354838709675,2.129032258064516,-0.16285815092553574,2.4516129032258065,2.3225806451612905,2.2580645161290325,-0.3742184119745061,2.6451612903225805,2.774193548387097,2.838709677419355,-0.209493607700566,2.4516129032258065,2.3225806451612905,2.5806451612903225,-4.528680294718439,7.290322580645161,6.193548387096774,6.193548387096774,cohface_21_3,/home/gongjae/Projects/resPyre/results/cohface_robust_ossm/data/cohface_21_3.pkl,Fair,2,3.3,3.45,2.5,4.39,3.24,4.13,3.57,3.93,4.16,4.55,3.53,4.12,5.87,5.17,4.84
0.28128231644260604,16.87693898655636,2.205952285860984,2.205952285860984,0.0,0.0,0.0,5.723292190113733,0.0,0.0,0.0,-0.660409387140375,1.2258064516129032,0.5806451612903226,0.7096774193548387,5.7526972366166484,0.0,0.0,0.0,0.42045857406222353,0.0,0.0,0.0,cohface_23_3,/home/gongjae/Projects/resPyre/results/cohface_robust_ossm/data/cohface_23_3.pkl,Fair,2,0.12,0.12,0.14,0.09,0.06,0.13,0.55,0.49,0.56,0.09,0.06,0.12,0.11,0.11,0.43
0.24415055951169887,14.649033570701931,1.6236040658085749,1.6236040658085749,1.25,1.4375,1.4375,3.837966057456819,2.25,2.5,1.6875,-2.3763729217801286,5.1875,1.1875,1.625,3.8668096474287146,2.25,2.5,1.4375,0.2401848524548306,1.3125,1.25,1.25,cohface_27_0,/home/gongjae/Projects/resPyre/results/cohface_robust_ossm/data/cohface_27_0.pkl,Fair,2,0.32,0.31,0.36,0.29,0.47,0.3,1.14,1.05,0.95,0.28,0.47,0.44,0.47,0.52,0.54
0.2103134479271992,12.618806875631952,1.948304391451991,1.948304391451991,0.5,0.125,0.125,4.813885242199839,0.1875,0.1875,0.1875,2.0508535622923723,4.1875,0.6875,1.0,4.80200442760271,0.1875,0.125,0.1875,-3.9513572740551,9.0625,1.9375,2.1875,cohface_27_3,/home/gongjae/Projects/resPyre/results/cohface_robust_ossm/data/cohface_27_3.pkl,Fair,2,0.13,0.13,0.13,0.09,0.1,0.11,0.44,0.42,0.41,0.09,0.1,0.09,2.39,1.33,1.23
0.27840327533265097,16.70419651995906,0.07544510006630646,0.07544510006630646,1.5,0.5,0.5,-1.6399239486000738,1.4375,0.25,0.375,-5.862956301032044,10.5625,7.5625,7.625,-1.3638737987292089,1.0625,0.25,0.75,-1.1153523661359885,4.0,0.625,1.75,cohface_28_1,/home/gongjae/Projects/resPyre/results/cohface_robust_ossm/data/cohface_28_1.pkl,Fair,2,0.39,0.37,0.31,0.38,0.41,0.51,8.1,7.81,5.86,0.39,0.4,0.65,0.34,0.27,1.19
0.17777777777777778,10.666666666666668,1.0117949590957742,1.0117949590957742,3.1875,1.875,3.3125,-0.15142207943076771,2.1875,2.5,2.75,-4.430058484529123,3.6875,1.9375,3.5625,0.15080338779183922,2.0625,2.1875,1.5625,0.20087608690191427,0.9375,0.6875,1.25,cohface_28_3,/home/gongjae/Projects/resPyre/results/cohface_robust_ossm/data/cohface_28_3.pkl,Fair,2,0.81,0.71,1.71,1.07,1.9,3.12,2.41,2.06,2.47,0.96,1.83,0.66,0.41,0.42,1.19
0.21345707656612528,12.807424593967516,0.4343503148646169,0.4343503148646169,1.205128205128205,0.07692307692307693,0.6923076923076923,0.3492192829565302,0.1794871794871795,0.05128205128205128,0.05128205128205128,-3.098840458084226,0.05128205128205128,0.05128205128205128,0.6410256410256411,0.49230478017769924,0.1794871794871795,0.05128205128205128,0.10256410256410256,3.5016046176508593,0.10256410256410256,0.1282051282051282,0.15384615384615385,cohface_29_0,/home/gongjae/Projects/resPyre/results/cohface_robust_ossm/data/cohface_29_0.pkl,Fair,2,0.08,0.08,0.09,0.1,0.07,0.24,0.13,0.12,0.18,0.09,0.07,0.13,0.17,0.15,0.19
0.1957186544342508,11.743119266055048,-0.006684013650581776,-0.006684013650581776,0.0,0.0,1.125,0.8272167549054108,0.0,0.0,0.0,-0.8472747931967594,0.75,0.0,3.0,0.6292122995020617,0.0,0.0,0.0,4.9110835854590515,0.0,0.0,0.0,cohface_29_1,/home/gongjae/Projects/resPyre/results/cohface_robust_ossm/data/cohface_29_1.pkl,Fair,2,0.07,0.07,3.27,0.06,0.09,0.27,0.22,0.23,0.31,0.1,0.11,0.35,0.19,0.19,0.15
0.21353670162059102,12.812202097235462,0.5291462081499755,0.5291462081499755,3.888888888888889,0.3888888888888889,2.5,1.8984048451916231,0.3333333333333333,0.3333333333333333,0.3333333333333333,-2.553004375180043,0.8888888888888888,0.8888888888888888,0.7777777777777778,1.8695948858629325,0.7222222222222222,0.3333333333333333,0.16666666666666666,0.7537102282315848,0.2222222222222222,0.1111111111111111,0.1111111111111111,cohface_29_3,/home/gongjae/Projects/resPyre/results/cohface_robust_ossm/data/cohface_29_3.pkl,Fair,2,0.21,0.2,1.81,0.05,0.07,0.19,1.58,0.36,0.28,0.05,0.07,0.13,0.32,0.25,0.26
0.1652892561983471,9.917355371900827,2.203717879261224,2.203717879261224,1.096774193548387,0.7096774193548387,1.935483870967742,1.7861330891654066,0.7741935483870968,0.8387096774193549,0.8387096774193549,-3.970897618181212,0.967741935483871,1.096774193548387,1.3548387096774193,1.917535483078817,0.7741935483870968,0.7096774193548387,0.8387096774193549,3.8087217828686697,1.7419354838709677,2.3225806451612905,2.903225806451613,cohface_2_3,/home/gongjae/Projects/resPyre/results/cohface_robust_ossm/data/cohface_2_3.pkl,Fair,2,1.26,1.26,1.44,1.61,0.38,2.1,1.05,0.3,1.91,1.59,0.37,1.9,1.7,0.82,3.26
0.160481444332999,9.628886659979939,1.894251765749492,1.894251765749492,0.7272727272727273,0.6060606060606061,0.7878787878787878,2.5301615234597286,0.6666666666666666,0.7878787878787878,0.7272727272727273,-6.319654155862108,1.1515151515151516,0.7878787878787878,0.7878787878787878,2.5898681565300503,0.6666666666666666,0.7878787878787878,0.7878787878787878,-0.4627236364384119,1.5757575757575757,0.6666666666666666,0.9090909090909091,cohface_31_0,/home/gongjae/Projects/resPyre/results/cohface_robust_ossm/data/cohface_31_0.pkl,Fair,2,0.15,0.15,0.18,0.14,0.27,0.25,0.24,0.29,0.25,0.14,0.27,0.23,1.36,0.45,0.62
0.19161676646706585,11.49700598802395,1.4615511887002428,1.4615511887002428,0.5454545454545454,0.6060606060606061,0.7272727272727273,2.321306020255751,0.42424242424242425,0.6060606060606061,0.6060606060606061,-2.541708182848808,1.0303030303030303,1.1515151515151516,1.878787878787879,2.368249789092702,0.42424242424242425,0.5454545454545454,0.9696969696969697,-0.8103700769839829,2.303030303030303,0.9090909090909091,0.7878787878787878,cohface_31_2,/home/gongjae/Projects/resPyre/results/cohface_robust_ossm/data/cohface_31_2.pkl,Fair,2,0.28,0.28,0.34,0.23,0.25,0.41,0.81,0.15,0.34,0.23,0.25,0.24,0.19,0.15,0.34
0.14516129032258063,8.709677419354838,1.7242602965205664,1.7242602965205664,2.0625,2.0625,2.0625,1.966388233615655,1.75,1.9375,1.6875,-3.2521044842908426,1.875,1.875,1.875,2.1670998770815815,1.8125,1.9375,2.1875,-3.100207001196826,4.0625,9.875,13.0625,cohface_33_1,/home/gongjae/Projects/resPyre/results/cohface_robust_ossm/data/cohface_33_1.pkl,Fair,2,0.89,0.97,0.98,0.88,1.02,0.97,1.01,1.08,1.07,0.88,1.02,1.16,2.4,7.63,9.22
0.17813765182186236,10.688259109311742,1.551133539322615,1.551133539322615,0.375,0.4375,0.375,2.7919640876482035,0.625,0.625,0.625,2.827442535612654,0.625,0.5625,0.5625,2.8579897261957914,0.5625,0.6875,0.375,-1.0047426997391788,11.625,4.6875,5.0,cohface_33_2,/home/gongjae/Projects/resPyre/results/cohface_robust_ossm/data/cohface_33_2.pkl,Fair,2,0.11,0.1,0.09,0.27,0.27,0.41,0.29,0.32,0.33,0.28,0.27,0.18,5.68,5.84,5.61
0.18032786885245902,10.819672131147541,0.9169206429998257,0.9169206429998257,0.7096774193548387,0.7096774193548387,0.7096774193548387,1.59425386360699,0.7741935483870968,0.7096774193548387,0.8387096774193549,4.166762370229302,0.7096774193548387,0.8387096774193549,0.7096774193548387,1.859174571886859,0.7096774193548387,0.7096774193548387,0.7096774193548387,-2.275566809492989,3.7419354838709675,1.032258064516129,1.1612903225806452,cohface_33_3,/home/gongjae/Projects/resPyre/results/cohface_robust_ossm/data/cohface_33_3.pkl,Fair,2,0.4,0.4,0.41,0.28,0.3,0.34,0.33,0.33,0.34,0.27,0.28,0.32,1.95,1.38,1.22
0.32619775739041795,19.57186544342508,1.087418445637259,1.087418445637259,0.125,0.125,0.0625,1.5046902221891392,0.3125,0.125,0.25,-5.050566573835918,0.5625,0.5625,0.4375,1.5940841554735499,0.3125,0.125,0.25,-2.088333205485777,1.125,0.4375,0.625,cohface_34_1,/home/gongjae/Projects/resPyre/results/cohface_robust_ossm/data/cohface_34_1.pkl,Fair,2,0.31,0.26,0.27,0.45,0.21,0.24,1.08,0.22,0.47,0.44,0.22,0.25,0.48,0.51,0.51
0.3268641470888662,19.611848825331972,-0.19358261541138064,-0.19358261541138064,0.8125,0.6875,0.8125,-2.6466439668054553,0.625,0.375,0.75,-6.353753515945302,0.3125,0.3125,0.3125,-2.367844984158874,0.9375,0.375,0.5625,-1.5241682754487993,4.875,0.75,3.4375,cohface_34_3,/home/gongjae/Projects/resPyre/results/cohface_robust_ossm/data/cohface_34_3.pkl,Fair,2,0.23,0.21,0.19,0.35,0.32,0.67,0.57,0.6,0.49,0.32,0.3,0.46,3.05,0.87,2.76
0.1953204476093591,11.719226856561546,-0.25442379562298373,-0.25442379562298373,0.9375,0.75,1.25,2.609141378667656,0.125,0.0,0.0,-4.783308489759551,4.125,2.4375,3.6875,2.7027910324051185,0.125,0.0,0.1875,0.1389469289811287,4.5,0.0,0.625,cohface_35_2,/home/gongjae/Projects/resPyre/results/cohface_robust_ossm/data/cohface_35_2.pkl,Fair,2,1.25,1.22,2.28,0.14,0.18,0.51,3.85,3.2,3.9,0.14,0.18,0.45,0.54,0.19,0.43
0.09886714727085479,5.932028836251287,-0.5431685939259163,-0.5431685939259163,1.4193548387096775,2.193548387096774,3.870967741935484,-0.5897797675513269,1.4193548387096775,2.6451612903225805,5.032258064516129,0.5378895125586408,1.2903225806451613,2.5161290322580645,2.3870967741935485,-0.5406393727534672,1.4193548387096775,2.6451612903225805,5.032258064516129,-1.4766532236431742,0.45161290322580644,5.032258064516129,5.741935483870968,cohface_36_1,/home/gongjae/Projects/resPyre/results/cohface_robust_ossm/data/cohface_36_1.pkl,Fair,2,0.62,2.89,3.62,0.9,1.37,3.85,0.56,1.06,1.42,0.87,1.37,3.21,3.5,4.25,4.57
0.08264462809917356,4.958677685950414,-0.34601236859123485,-0.34601236859123485,0.6451612903225806,2.2580645161290325,2.838709677419355,1.1311586978936308,0.6451612903225806,0.5806451612903226,1.2903225806451613,-6.495280494968436,0.3870967741935484,0.9032258064516129,2.7096774193548385,1.198017036971785,0.6451612903225806,0.6451612903225806,0.0,-8.871601619905443,4.0,4.0,4.0,cohface_37_0,/home/gongjae/Projects/resPyre/results/cohface_robust_ossm/data/cohface_37_0.pkl,Fair,2,0.08,5.79,7.14,0.02,0.16,2.33,0.13,0.21,1.97,0.02,0.16,0.12,4.83,4.86,4.8
0.245398773006135,14.7239263803681,2.241834979352314,2.241834979352314,0.0625,0.0625,0.0625,-3.212443262250398,10.5,1.8125,4.9375,-1.3665203739543699,3.5,0.5,0.8125,-3.376365373742259,12.1875,1.6875,3.625,-1.764900988002159,1.0,0.125,0.25,cohface_38_3,/home/gongjae/Projects/resPyre/results/cohface_robust_ossm/data/cohface_38_3.pkl,Fair,2,0.1,0.1,0.11,2.22,1.19,3.85,1.7,0.44,0.9,2.82,1.18,2.29,0.21,0.2,0.41
0.1933534743202417,11.6012084592145,1.183823046368331,1.183823046368331,0.18181818181818182,0.18181818181818182,0.18181818181818182,2.174416377019125,0.18181818181818182,0.18181818181818182,0.18181818181818182,3.7684373989363724,0.18181818181818182,0.18181818181818182,0.12121212121212122,2.2234218766321883,0.18181818181818182,0.18181818181818182,0.18181818181818182,-1.0593476634993064,0.12121212121212122,0.18181818181818182,0.24242424242424243,cohface_39_2,/home/gongjae/Projects/resPyre/results/cohface_robust_ossm/data/cohface_39_2.pkl,Fair,2,0.15,0.15,0.17,0.14,0.12,0.34,0.15,0.15,0.12,0.14,0.12,0.19,0.2,0.24,0.27
0.1889763779527559,11.338582677165354,1.1290219972952626,1.1290219972952626,0.058823529411764705,0.058823529411764705,0.6470588235294118,1.480704383667015,0.058823529411764705,0.058823529411764705,0.11764705882352941,5.470702027392679,0.058823529411764705,0.058823529411764705,0.058823529411764705,1.7009854831036346,0.058823529411764705,0.058823529411764705,0.058823529411764705,0.6003459766830976,0.0,0.058823529411764705,0.0,cohface_39_3,/home/gongjae/Projects/resPyre/results/cohface_robust_ossm/data/cohface_39_3.pkl,Fair,2,0.16,0.16,0.17,0.1,0.09,0.39,0.16,0.15,0.18,0.08,0.08,0.26,0.09,0.12,0.17
0.3474663908996898,20.847983453981385,0.32580705006637345,0.32580705006637345,0.5806451612903226,0.1935483870967742,0.5161290322580645,1.0904535012956083,0.45161290322580644,0.967741935483871,0.25806451612903225,-3.88745867287102,0.7096774193548387,1.032258064516129,0.25806451612903225,1.2520164512941583,0.45161290322580644,0.967741935483871,0.3225806451612903,-7.24216993968536,8.32258064516129,8.709677419354838,8.774193548387096,cohface_6_1,/home/gongjae/Projects/resPyre/results/cohface_robust_ossm/data/cohface_6_1.pkl,Fair,2,1.98,1.47,1.74,1.12,1.53,1.38,1.75,1.4,0.92,0.67,1.52,1.73,7.65,7.03,7.36
0.2650103519668737,15.900621118012424,1.1233729876049738,1.1233729876049738,0.12903225806451613,0.12903225806451613,0.3870967741935484,2.9529009632132026,0.6451612903225806,0.5806451612903226,0.45161290322580644,-3.272665577027105,9.612903225806452,4.193548387096774,5.548387096774194,3.1080840877803757,0.5161290322580645,0.5161290322580645,0.5161290322580645,-6.574157772914441,6.516129032258065,4.709677419354839,4.193548387096774,cohface_6_3,/home/gongjae/Projects/resPyre/results/cohface_robust_ossm/data/cohface_6_3.pkl,Fair,2,0.49,0.48,0.46,0.63,0.7,0.76,6.92,2.83,4.32,0.6,0.69,0.6,3.44,4.05,3.32
0.21487603305785125,12.892561983471074,0.7476411532466843,0.7476411532466843,1.4838709677419355,1.2903225806451613,1.032258064516129,1.1875674218857628,1.3548387096774193,1.1612903225806452,1.3548387096774193,2.9735068794361967,1.2258064516129032,1.4193548387096775,0.967741935483871,1.2933434460753837,1.3548387096774193,1.4193548387096775,0.7096774193548387,-0.8652031621066387,1.6129032258064515,0.45161290322580644,1.1612903225806452,cohface_8_1,/home/gongjae/Projects/resPyre/results/cohface_robust_ossm/data/cohface_8_1.pkl,Fair,2,1.07,1.06,1.08,1.13,1.13,1.05,1.08,1.1,1.06,1.14,1.12,1.31,0.74,0.4,1.01
0.21509824198552224,12.905894519131335,-0.07016736147628766,-0.07016736147628766,2.3870967741935485,1.5483870967741935,1.6129032258064515,0.40732805449112197,2.0,1.4838709677419355,1.6129032258064515,-2.835410550563777,1.4838709677419355,1.4838709677419355,1.4838709677419355,0.41091030860365113,2.0,1.4838709677419355,1.6129032258064515,-4.8367396999215115,6.387096774193548,5.806451612903226,4.580645161290323,cohface_8_3,/home/gongjae/Projects/resPyre/results/cohface_robust_ossm/data/cohface_8_3.pkl,Fair,2,1.59,1.52,1.81,1.49,0.72,1.67,0.65,0.6,0.43,1.49,0.71,1.6,6.57,6.37,3.78
0.22764227642276424,13.658536585365855,0.8969386339159153,0.8969386339159153,0.1875,0.1875,0.25,2.6933105560856045,0.1875,0.0625,0.3125,3.1479093936604934,0.3125,0.25,0.25,2.9167851045527327,0.1875,0.0625,0.0625,-3.4320256671896274,6.375,0.75,5.3125,cohface_9_2,/home/gongjae/Projects/resPyre/results/cohface_robust_ossm/data/cohface_9_2.pkl,Fair,2,0.31,0.25,0.34,0.34,0.15,0.33,0.31,0.26,0.29,0.28,0.17,0.37,1.41,0.56,5.05
0.1953204476093591,11.719226856561546,2.5273189762268777,2.5273189762268777,0.1875,0.125,0.1875,3.953908633997269,0.125,0.25,0.1875,3.495191289032835,0.0,0.1875,0.0625,3.9960518961552625,0.125,0.25,0.1875,-3.4267671823724872,8.0,0.8125,2.4375,cohface_10_3,/home/gongjae/Projects/resPyre/results/cohface_robust_ossm/data/cohface_10_3.pkl,Good,3,0.14,0.14,0.14,0.13,0.16,0.12,0.2,0.25,0.2,0.13,0.16,0.16,0.56,0.37,0.62
0.24464831804281348,14.678899082568808,4.539894715871328,4.539894715871328,0.0,0.0,0.0,4.3114302884228515,0.0,0.0,0.0,-3.184724610984357,3.4375,0.0,0.0,4.379112524585326,0.0,0.0,0.0,0.4834384664019524,0.125,0.0,0.125,cohface_11_2,/home/gongjae/Projects/resPyre/results/cohface_robust_ossm/data/cohface_11_2.pkl,Good,3,0.1,0.1,0.12,0.12,0.11,0.1,0.52,0.29,0.23,0.12,0.11,0.14,0.17,0.16,0.1
0.17103984450923226,10.262390670553936,2.296053606062868,2.296053606062868,0.5142857142857142,0.5142857142857142,0.9142857142857143,3.803446823778514,0.05714285714285714,0.0,0.22857142857142856,5.042527823148754,0.05714285714285714,0.0,0.05714285714285714,3.8770698942937547,0.05714285714285714,0.0,0.2857142857142857,-1.590638600226156,7.2,4.0,4.628571428571429,cohface_12_2,/home/gongjae/Projects/resPyre/results/cohface_robust_ossm/data/cohface_12_2.pkl,Good,3,0.21,0.23,0.25,0.17,0.2,0.2,0.26,0.25,0.27,0.17,0.2,0.12,4.05,4.58,6.27
0.16227180527383367,9.73630831643002,3.3946137559433764,3.3946137559433764,0.0,0.0,0.0,4.304283901314684,0.0,0.0,0.0,3.5199326620457745,0.0,0.0,0.0,4.450685577431979,0.0,0.0,0.0,-3.2565199404848073,8.125,9.5,10.125,cohface_16_2,/home/gongjae/Projects/resPyre/results/cohface_robust_ossm/data/cohface_16_2.pkl,Good,3,0.15,0.14,0.15,0.11,0.13,0.13,0.2,0.18,0.17,0.11,0.11,0.11,6.95,10.13,9.74
0.1639344262295082,9.836065573770492,2.6914371990376806,2.6914371990376806,0.0,0.0,0.0,3.181417333146789,0.0,0.0,0.0,2.845751983281261,0.0,0.0,0.0,3.112223448566299,0.0,0.0,0.0,-5.436228916717223,14.516129032258064,9.419354838709678,10.903225806451612,cohface_17_1,/home/gongjae/Projects/resPyre/results/cohface_robust_ossm/data/cohface_17_1.pkl,Good,3,0.13,0.13,0.13,0.06,0.08,1.05,0.22,0.17,0.24,0.05,0.08,0.14,9.41,9.58,9.79
0.1639344262295082,9.836065573770492,2.8107608043935417,2.8107608043935417,0.0,0.0,0.0,3.591289927358111,0.0,0.0,0.0,4.6408158510968365,0.0,0.0,0.0,3.8325950974284773,0.0,0.0,0.0,-2.986568925785785,6.838709677419355,7.741935483870968,6.32258064516129,cohface_17_2,/home/gongjae/Projects/resPyre/results/cohface_robust_ossm/data/cohface_17_2.pkl,Good,3,0.1,0.09,0.1,0.17,0.2,0.38,0.22,0.19,0.24,0.15,0.12,0.24,6.73,7.23,7.3
0.3387096774193548,20.32258064516129,4.497096957806883,4.497096957806883,0.0,0.0,0.0,-3.3219627571365002,5.25,3.75,6.0625,-3.6798891899174424,5.625,10.875,3.875,-3.260813449392122,5.25,3.75,5.875,-5.605284614069831,7.6875,5.1875,6.25,cohface_18_1,/home/gongjae/Projects/resPyre/results/cohface_robust_ossm/data/cohface_18_1.pkl,Good,3,0.27,0.25,0.26,7.05,5.59,6.96,6.89,8.56,4.86,6.98,5.85,6.99,7.09,4.49,5.62
0.26418988648090813,15.851393188854487,3.8038402515107164,3.8038402515107164,0.0,0.0,0.0,6.376808308271115,0.0,0.0,0.0,3.932360909887281,0.0,0.0,0.0,6.602636300806621,0.0,0.0,0.0,2.7734495254644975,0.0,0.0,0.0,cohface_19_3,/home/gongjae/Projects/resPyre/results/cohface_robust_ossm/data/cohface_19_3.pkl,Good,3,0.17,0.17,0.16,0.1,0.07,0.12,0.23,0.2,0.25,0.11,0.1,0.09,0.32,0.23,0.23
0.2809917355371901,16.859504132231404,5.80122826381026,5.80122826381026,0.06451612903225806,0.06451612903225806,0.1935483870967742,6.2203333497519395,0.1935483870967742,0.1935483870967742,0.12903225806451613,-0.3669166952475455,0.06451612903225806,0.06451612903225806,0.12903225806451613,6.3099062545825735,0.12903225806451613,0.1935483870967742,0.12903225806451613,-7.2779030559025415,5.096774193548387,1.4193548387096775,1.4193548387096775,cohface_20_0,/home/gongjae/Projects/resPyre/results/cohface_robust_ossm/data/cohface_20_0.pkl,Good,3,0.15,0.15,0.15,0.1,0.12,0.1,0.24,0.17,0.21,0.1,0.12,0.1,3.42,1.09,1.07
0.2809917355371901,16.859504132231404,7.528897410758606,7.528897410758606,0.12903225806451613,0.12903225806451613,0.12903225806451613,9.989478236044498,0.06451612903225806,0.06451612903225806,0.0,10.515846738315728,0.0,0.0,0.0,10.218892789388118,0.06451612903225806,0.06451612903225806,0.0,-0.24686220186316815,0.3225806451612903,0.3225806451612903,0.5806451612903226,cohface_20_1,/home/gongjae/Projects/resPyre/results/cohface_robust_ossm/data/cohface_20_1.pkl,Good,3,0.09,0.08,0.09,0.16,0.17,0.15,0.08,0.12,0.09,0.16,0.17,0.15,0.44,0.36,0.77
0.26418988648090813,15.851393188854487,3.8600468071308898,3.8600468071308898,0.0,0.0,0.0,4.109645274855148,0.0,0.0,0.0,-2.8488076204473978,2.5806451612903225,0.0,0.0,4.176035598629246,0.0,0.0,0.0,-0.6970946801662538,0.967741935483871,0.0,1.3548387096774193,cohface_20_2,/home/gongjae/Projects/resPyre/results/cohface_robust_ossm/data/cohface_20_2.pkl,Good,3,0.06,0.06,0.07,0.06,0.09,0.07,0.51,0.27,0.32,0.06,0.09,0.13,0.31,0.28,0.55
0.2809917355371901,16.859504132231404,6.07367159907397,6.07367159907397,0.25806451612903225,0.1935483870967742,0.25806451612903225,8.401385792745451,0.12903225806451613,0.25806451612903225,0.1935483870967742,-0.5394006232012195,0.967741935483871,0.7096774193548387,0.9032258064516129,8.582419587323207,0.12903225806451613,0.25806451612903225,0.1935483870967742,-0.7596194661160849,9.741935483870968,1.7419354838709677,1.1612903225806452,cohface_20_3,/home/gongjae/Projects/resPyre/results/cohface_robust_ossm/data/cohface_20_3.pkl,Good,3,0.17,0.19,0.17,0.1,0.17,0.06,0.26,0.21,0.2,0.09,0.17,0.06,0.68,0.85,0.63
0.19834710743801653,11.900826446280991,4.839191512253107,4.839191512253107,0.0,0.0,0.0,4.7542767580415415,0.0,0.0,0.0,7.0823612796259425,0.0,0.0,0.0,4.935579638591529,0.0,0.0,0.0,0.8031843196362548,0.6451612903225806,0.12903225806451613,2.193548387096774,cohface_22_0,/home/gongjae/Projects/resPyre/results/cohface_robust_ossm/data/cohface_22_0.pkl,Good,3,0.05,0.05,0.04,0.07,0.08,0.1,0.05,0.08,0.06,0.06,0.08,0.1,0.47,0.59,2.8
0.1981424148606811,11.888544891640866,6.320118468271637,6.320118468271637,0.0,0.0,0.0,7.666156238730206,0.0,0.0,0.0,8.32470232606932,0.0,0.0,0.0,7.7013395798418625,0.0,0.0,0.0,-2.1787985237484104,5.67741935483871,0.0,0.0,cohface_22_1,/home/gongjae/Projects/resPyre/results/cohface_robust_ossm/data/cohface_22_1.pkl,Good,3,0.04,0.04,0.05,0.04,0.03,0.05,0.08,0.06,0.1,0.04,0.03,0.05,3.47,0.39,0.6
0.18163054695562433,10.89783281733746,5.9483160605577705,5.9483160605577705,0.1935483870967742,0.1935483870967742,0.12903225806451613,7.913375003060862,0.1935483870967742,0.12903225806451613,0.12903225806451613,7.817661713373941,0.1935483870967742,0.12903225806451613,0.12903225806451613,7.873020641003152,0.1935483870967742,0.12903225806451613,0.12903225806451613,-2.5516217144968865,10.516129032258064,10.516129032258064,10.774193548387096,cohface_22_2,/home/gongjae/Projects/resPyre/results/cohface_robust_ossm/data/cohface_22_2.pkl,Good,3,0.06,0.06,0.06,0.05,0.07,0.06,0.08,0.09,0.08,0.06,0.07,0.07,11.04,10.62,10.94
0.18144329896907216,10.88659793814433,3.4181077980554613,3.4181077980554613,0.25806451612903225,0.25806451612903225,0.25806451612903225,3.6652844481957123,0.12903225806451613,0.1935483870967742,0.12903225806451613,7.076427756132297,0.12903225806451613,0.06451612903225806,0.06451612903225806,3.853441466487041,0.12903225806451613,0.1935483870967742,0.12903225806451613,-2.2928689916973926,9.03225806451613,1.2258064516129032,10.32258064516129,cohface_22_3,/home/gongjae/Projects/resPyre/results/cohface_robust_ossm/data/cohface_22_3.pkl,Good,3,0.05,0.05,0.05,0.03,0.02,0.05,0.09,0.07,0.1,0.02,0.02,0.05,10.12,0.49,11.2
0.29782833505687695,17.869700103412615,9.80395571861423,9.80395571861423,0.0,0.0,0.0,11.838423235480848,0.0,0.0,0.0,-0.8068428701486221,0.0,0.0,0.0,11.86860463335411,0.0,0.0,0.0,6.035317269650512,0.0,0.0,0.12903225806451613,cohface_23_0,/home/gongjae/Projects/resPyre/results/cohface_robust_ossm/data/cohface_23_0.pkl,Good,3,0.11,0.1,0.1,0.06,0.07,0.06,0.07,0.06,0.08,0.05,0.07,0.07,0.25,0.2,0.29
0.29721362229102166,17.8328173374613,9.653174987588054,9.653174987588054,0.0,0.0,0.0,11.076051013816542,0.0,0.0,0.0,0.7148891620409149,0.0,0.0,0.0,11.100603014971602,0.0,0.0,0.0,-0.47576868395053823,0.1935483870967742,0.0,0.25806451612903225,cohface_23_1,/home/gongjae/Projects/resPyre/results/cohface_robust_ossm/data/cohface_23_1.pkl,Good,3,0.09,0.1,0.09,0.06,0.06,0.07,0.12,0.1,0.14,0.06,0.06,0.08,0.24,0.22,0.44
0.3143743536711479,18.862461220268873,10.111967505724833,10.111967505724833,0.06451612903225806,0.06451612903225806,0.06451612903225806,10.84933965494239,0.06451612903225806,0.06451612903225806,0.06451612903225806,-2.3155064717976463,0.06451612903225806,0.06451612903225806,0.06451612903225806,10.932026780442781,0.06451612903225806,0.06451612903225806,0.06451612903225806,3.563511062606998,0.25806451612903225,0.25806451612903225,0.12903225806451613,cohface_23_2,/home/gongjae/Projects/resPyre/results/cohface_robust_ossm/data/cohface_23_2.pkl,Good,3,0.02,0.03,0.03,0.04,0.07,0.05,0.05,0.05,0.14,0.04,0.07,0.05,0.14,0.15,0.17
0.38016528925619836,22.8099173553719,9.271668511566627,9.271668511566627,0.25806451612903225,0.25806451612903225,0.25806451612903225,9.573201987617475,0.1935483870967742,0.3225806451612903,0.1935483870967742,8.381582004166797,0.3870967741935484,0.45161290322580644,0.5806451612903226,9.487236405927728,0.1935483870967742,0.3225806451612903,0.3225806451612903,-5.445737893362107,9.161290322580646,6.709677419354839,4.709677419354839,cohface_24_0,/home/gongjae/Projects/resPyre/results/cohface_robust_ossm/data/cohface_24_0.pkl,Good,3,0.14,0.14,0.15,0.13,0.15,0.15,0.21,0.19,0.18,0.13,0.14,0.18,10.02,6.16,5.58
0.3309203722854188,19.855222337125127,3.0596207173702226,3.0596207173702226,1.6129032258064515,0.7096774193548387,0.7096774193548387,3.4789462001157134,1.2903225806451613,2.193548387096774,0.1935483870967742,3.3392485983598292,0.25806451612903225,0.25806451612903225,0.25806451612903225,3.445317572694986,1.2903225806451613,2.193548387096774,0.0,-4.222633014146747,2.774193548387097,0.5806451612903226,3.3548387096774195,cohface_24_1,/home/gongjae/Projects/resPyre/results/cohface_robust_ossm/data/cohface_24_1.pkl,Good,3,0.17,0.11,0.15,0.12,0.25,0.16,0.23,0.27,0.25,0.11,0.25,0.14,2.31,0.93,1.91
0.329557157569516,19.77342945417096,5.8109425495799085,5.8109425495799085,0.12903225806451613,0.12903225806451613,0.12903225806451613,5.66030786448027,0.0,0.06451612903225806,0.0,6.9461839097676,0.0,0.06451612903225806,0.06451612903225806,5.838898192396651,0.0,0.06451612903225806,0.06451612903225806,0.9574819081014927,2.3225806451612905,2.3870967741935485,2.3870967741935485,cohface_24_2,/home/gongjae/Projects/resPyre/results/cohface_robust_ossm/data/cohface_24_2.pkl,Good,3,0.07,0.07,0.08,0.07,0.06,0.06,0.09,0.08,0.08,0.07,0.06,0.07,2.13,1.96,2.36
0.3305785123966942,19.834710743801654,5.044319538406126,5.044319538406126,1.2903225806451613,0.7741935483870968,0.9032258064516129,4.716284992112897,1.5483870967741935,1.7419354838709677,1.3548387096774193,5.0519936155537355,0.9032258064516129,1.1612903225806452,0.6451612903225806,4.745600286132124,1.5483870967741935,1.6129032258064515,1.8064516129032258,-4.116856212948576,7.354838709677419,4.709677419354839,2.3870967741935485,cohface_24_3,/home/gongjae/Projects/resPyre/results/cohface_robust_ossm/data/cohface_24_3.pkl,Good,3,0.28,0.2,0.23,0.29,0.41,0.32,0.18,0.36,0.14,0.28,0.39,0.48,7.49,3.92,2.47
0.2255790533736153,13.534743202416918,2.271915711286753,2.271915711286753,0.5454545454545454,0.5454545454545454,0.48484848484848486,3.3985297254728457,0.6060606060606061,0.5454545454545454,0.6666666666666666,-1.9752494710006794,2.6666666666666665,0.9090909090909091,2.0606060606060606,3.4305353108937107,0.6060606060606061,0.5454545454545454,0.6060606060606061,-2.8831277460923443,9.696969696969697,0.5454545454545454,8.242424242424242,cohface_27_1,/home/gongjae/Projects/resPyre/results/cohface_robust_ossm/data/cohface_27_1.pkl,Good,3,0.14,0.13,0.14,0.05,0.07,0.09,0.15,0.2,0.19,0.06,0.07,0.1,3.42,0.4,5.8
0.12981744421906694,7.789046653144016,4.324516926735194,4.324516926735194,0.25,0.25,0.25,3.901119113480024,0.125,0.0625,0.375,3.3965943940430043,0.4375,0.375,0.4375,3.85227322895636,0.0625,0.0625,0.0625,-5.319296678009366,9.9375,7.9375,9.9375,cohface_30_0,/home/gongjae/Projects/resPyre/results/cohface_robust_ossm/data/cohface_30_0.pkl,Good,3,0.13,0.16,0.17,0.12,0.1,0.17,0.21,0.18,0.23,0.11,0.11,0.12,8.83,8.52,9.32
0.16460905349794241,9.876543209876544,4.45296326073494,4.45296326073494,0.1935483870967742,0.1935483870967742,0.1935483870967742,6.0581174192843115,0.1935483870967742,0.1935483870967742,0.1935483870967742,6.710004666070014,0.1935483870967742,0.1935483870967742,0.1935483870967742,6.250991861811711,0.1935483870967742,0.1935483870967742,0.1935483870967742,-1.6727176825422096,4.32258064516129,2.3870967741935485,6.967741935483871,cohface_30_1,/home/gongjae/Projects/resPyre/results/cohface_robust_ossm/data/cohface_30_1.pkl,Good,3,0.09,0.08,0.08,0.08,0.05,0.07,0.05,0.07,0.06,0.07,0.04,0.04,4.23,3.37,6.16
0.12981744421906694,7.789046653144016,3.4365956257282058,3.4365956257282058,0.0,0.0,0.0,4.96388721268486,0.0,0.0,0.0,-3.688173484707641,3.125,0.125,0.0,5.089724142229234,0.0,0.0,0.0,0.10241180996944932,1.0,1.75,5.1875,cohface_30_2,/home/gongjae/Projects/resPyre/results/cohface_robust_ossm/data/cohface_30_2.pkl,Good,3,0.14,0.14,0.14,0.14,0.15,0.17,0.28,0.27,0.25,0.14,0.14,0.12,1.79,2.86,3.99
0.14634146341463417,8.78048780487805,4.585779343946324,4.585779343946324,0.6875,0.8125,0.75,5.88869231297749,0.8125,0.8125,0.875,6.003187444120447,0.8125,0.875,0.9375,5.971881464056277,0.8125,0.875,0.9375,-2.738826680903394,7.0,5.5,9.375,cohface_30_3,/home/gongjae/Projects/resPyre/results/cohface_robust_ossm/data/cohface_30_3.pkl,Good,3,0.08,0.08,0.09,0.05,0.06,0.09,0.11,0.14,0.15,0.04,0.07,0.12,4.45,2.65,8.58
0.20841683366733466,12.505010020040078,4.783605138263009,4.783605138263009,0.0,0.0,0.0,6.450792240451452,0.0,0.0,0.0,-2.1258654217808752,0.06060606060606061,0.0,0.0,6.568309851737534,0.0,0.0,0.0,-2.1013977974699576,4.7272727272727275,0.0,12.363636363636363,cohface_31_1,/home/gongjae/Projects/resPyre/results/cohface_robust_ossm/data/cohface_31_1.pkl,Good,3,0.03,0.03,0.05,0.02,0.03,0.03,0.07,0.07,0.08,0.03,0.03,0.03,0.25,0.22,11.97
0.34285714285714286,20.571428571428573,8.567415955721373,8.567415955721373,0.0625,0.0625,0.0625,9.676217298689373,0.0625,0.0625,0.0,10.655456527881995,0.125,0.125,0.125,9.78736704804741,0.0,0.0625,0.0,-0.01147895872069889,1.25,0.6875,1.125,cohface_34_0,/home/gongjae/Projects/resPyre/results/cohface_robust_ossm/data/cohface_34_0.pkl,Good,3,0.13,0.11,0.12,0.11,0.11,0.11,0.17,0.16,0.16,0.11,0.12,0.11,0.3,0.3,0.4
0.29538461538461536,17.72307692307692,6.825906847896844,6.825906847896844,0.0,0.0,0.0,6.869984696534645,0.0,0.0,0.0,-1.8117194020904286,0.0,0.0,0.0,7.1624898612290435,0.0,0.0,0.0,-1.0049105646931424,1.5483870967741935,0.0,1.2903225806451613,cohface_34_2,/home/gongjae/Projects/resPyre/results/cohface_robust_ossm/data/cohface_34_2.pkl,Good,3,0.08,0.07,0.07,0.11,0.1,0.1,0.13,0.12,0.14,0.11,0.09,0.1,1.68,0.9,1.66
0.11336032388663968,6.801619433198381,2.738894502112328,2.738894502112328,0.5625,1.4375,1.6875,2.3737382456031724,0.625,1.875,2.125,2.7459614510518486,0.3125,0.3125,0.5,2.5099861585427083,0.625,1.875,1.8125,1.6436215413554307,2.375,1.5625,1.875,cohface_36_0,/home/gongjae/Projects/resPyre/results/cohface_robust_ossm/data/cohface_36_0.pkl,Good,3,1.63,1.75,1.81,1.65,1.79,1.86,0.21,0.42,1.51,1.64,1.79,1.9,2.4,2.74,3.68
0.1304791029561672,7.828746177370031,3.1871199263900296,3.1871199263900296,0.1875,0.1875,0.1875,2.71167590993535,0.1875,0.1875,0.4375,2.5938779501637015,0.1875,0.1875,0.1875,2.8166591751539687,0.1875,0.1875,0.1875,-2.338158226670733,4.4375,4.4375,7.5,cohface_36_3,/home/gongjae/Projects/resPyre/results/cohface_robust_ossm/data/cohface_36_3.pkl,Good,3,0.52,0.58,0.77,0.57,0.47,1.59,0.12,0.24,0.26,0.55,0.46,0.54,6.62,6.4,6.98
0.0825593395252838,4.953560371517028,6.728329218703029,6.728329218703029,0.3225806451612903,1.032258064516129,2.129032258064516,7.707641164621377,0.25806451612903225,0.8387096774193549,1.032258064516129,-7.784648267470478,6.645161290322581,5.096774193548387,7.161290322580645,7.847450519518881,0.25806451612903225,0.8387096774193549,0.5161290322580645,-6.177828647809003,3.935483870967742,4.516129032258065,4.193548387096774,cohface_37_1,/home/gongjae/Projects/resPyre/results/cohface_robust_ossm/data/cohface_37_1.pkl,Good,3,0.65,4.5,4.51,0.12,1.25,1.85,4.01,6.24,7.12,0.12,1.07,1.05,3.72,5.07,4.66
0.2601626016260163,15.609756097560977,2.9417751455666155,2.9417751455666155,0.125,0.125,0.125,-2.1816852807679896,0.5625,0.125,0.125,3.0114067218620293,0.125,0.125,0.125,-2.5991143247565374,0.875,0.125,0.125,-4.725686272745818,2.625,0.3125,1.9375,cohface_38_1,/home/gongjae/Projects/resPyre/results/cohface_robust_ossm/data/cohface_38_1.pkl,Good,3,0.05,0.04,0.06,0.82,0.2,1.0,0.18,0.19,0.18,0.23,0.17,0.29,0.29,0.24,2.61
0.270042194092827,16.202531645569618,4.689024338732474,4.689024338732474,0.4,0.4,0.4666666666666667,2.6370795688578825,0.5333333333333333,0.4666666666666667,0.6666666666666666,2.327444912545181,0.6666666666666666,0.5333333333333333,0.6666666666666666,3.033627482641762,0.5333333333333333,0.4,0.5333333333333333,2.0037450865377164,0.5333333333333333,0.7333333333333333,0.6666666666666666,cohface_38_2,/home/gongjae/Projects/resPyre/results/cohface_robust_ossm/data/cohface_38_2.pkl,Good,3,0.07,0.07,0.07,0.25,0.14,0.37,0.41,0.3,0.41,0.25,0.14,0.37,0.45,0.44,0.55
0.1795918367346939,10.775510204081634,4.64962209729619,4.64962209729619,0.1875,0.125,0.1875,3.9561898709356225,0.1875,0.125,0.125,-1.7876816838020688,0.4375,0.375,0.3125,4.134582109488873,0.1875,0.125,0.125,-3.507787100180991,5.9375,8.9375,6.375,cohface_39_0,/home/gongjae/Projects/resPyre/results/cohface_robust_ossm/data/cohface_39_0.pkl,Good,3,0.07,0.06,0.04,0.09,0.06,0.09,0.15,0.12,0.15,0.07,0.06,0.15,4.38,7.57,4.24
0.1953204476093591,11.719226856561546,5.747707316672269,5.747707316672269,0.1875,0.125,0.125,5.281560982841854,0.1875,0.1875,0.25,5.912176968204471,0.0625,0.0625,0.0625,5.597399378091657,0.25,0.25,0.0625,-4.163158066843506,11.5,3.0625,11.8125,cohface_39_1,/home/gongjae/Projects/resPyre/results/cohface_robust_ossm/data/cohface_39_1.pkl,Good,3,0.06,0.06,0.06,0.12,0.1,0.11,0.14,0.14,0.14,0.1,0.1,0.08,8.48,2.6,11.05
0.3309203722854188,19.855222337125127,6.100244667149465,6.100244667149465,0.0,0.0,0.0,6.194499035195383,0.0,0.0,0.0,7.5464346190462885,0.0,0.0,0.0,6.3007211522724615,0.0,0.0,0.0,-5.930589777787157,5.612903225806452,6.129032258064516,4.903225806451613,cohface_6_0,/home/gongjae/Projects/resPyre/results/cohface_robust_ossm/data/cohface_6_0.pkl,Good,3,0.05,0.05,0.05,0.04,0.07,0.05,0.11,0.08,0.11,0.04,0.06,0.04,5.51,6.59,5.72
0.3140495867768595,18.84297520661157,3.8337217618998465,3.8337217618998465,0.3225806451612903,0.12903225806451613,0.12903225806451613,3.4146732269884876,1.2258064516129032,0.06451612903225806,1.2258064516129032,-2.959126296573932,4.064516129032258,2.4516129032258065,1.7419354838709677,3.544773858355774,1.2903225806451613,0.06451612903225806,1.2258064516129032,-3.7220567394368715,11.870967741935484,7.354838709677419,5.67741935483871,cohface_6_2,/home/gongjae/Projects/resPyre/results/cohface_robust_ossm/data/cohface_6_2.pkl,Good,3,0.54,0.27,0.47,0.75,0.37,0.45,3.75,3.65,1.08,0.75,0.35,0.46,11.35,6.29,5.84
0.24793388429752067,14.87603305785124,2.4987908450707654,2.4987908450707654,0.1935483870967742,0.25806451612903225,0.25806451612903225,3.959378510209234,0.06451612903225806,0.3225806451612903,0.3870967741935484,-3.6915286901524818,0.0,0.25806451612903225,0.1935483870967742,3.9602008321807354,0.06451612903225806,0.3225806451612903,0.1935483870967742,-3.4354133375255564,10.580645161290322,2.774193548387097,3.4838709677419355,cohface_7_0,/home/gongjae/Projects/resPyre/results/cohface_robust_ossm/data/cohface_7_0.pkl,Good,3,0.42,0.42,0.47,0.28,0.39,0.54,0.36,0.45,0.41,0.26,0.39,0.34,6.61,2.96,3.95
0.24793388429752067,14.87603305785124,5.819981268214698,5.819981268214698,0.06451612903225806,0.12903225806451613,0.12903225806451613,5.086113740557154,0.12903225806451613,0.12903225806451613,0.12903225806451613,-1.6051874969880975,0.06451612903225806,0.12903225806451613,0.12903225806451613,5.466605031431655,0.12903225806451613,0.12903225806451613,0.12903225806451613,-6.490658338764426,8.64516129032258,0.12903225806451613,2.193548387096774,cohface_7_1,/home/gongjae/Projects/resPyre/results/cohface_robust_ossm/data/cohface_7_1.pkl,Good,3,0.04,0.03,0.05,0.07,0.07,0.09,0.12,0.11,0.11,0.08,0.07,0.11,1.97,0.24,0.23
0.1985522233712513,11.91313340227508,4.3003759803569555,4.3003759803569555,0.12903225806451613,0.12903225806451613,0.12903225806451613,5.769304999953531,0.12903225806451613,0.12903225806451613,0.12903225806451613,-3.1856430256369297,0.12903225806451613,0.06451612903225806,0.12903225806451613,5.721201987681743,0.12903225806451613,0.12903225806451613,0.12903225806451613,-2.843758289431613,13.35483870967742,0.9032258064516129,0.6451612903225806,cohface_7_2,/home/gongjae/Projects/resPyre/results/cohface_robust_ossm/data/cohface_7_2.pkl,Good,3,0.17,0.17,0.2,0.12,0.12,0.14,0.19,0.2,0.18,0.12,0.12,0.14,4.99,1.51,0.65
0.24793388429752067,14.87603305785124,4.308744576158182,4.308744576158182,0.1935483870967742,0.1935483870967742,0.1935483870967742,5.633050502546864,0.1935483870967742,0.1935483870967742,0.1935483870967742,5.6231973208404735,0.06451612903225806,0.06451612903225806,0.06451612903225806,5.755214945613107,0.1935483870967742,0.12903225806451613,0.12903225806451613,-4.903229892333952,12.903225806451612,0.12903225806451613,0.06451612903225806,cohface_7_3,/home/gongjae/Projects/resPyre/results/cohface_robust_ossm/data/cohface_7_3.pkl,Good,3,0.07,0.06,0.07,0.06,0.07,0.06,0.17,0.18,0.16,0.06,0.07,0.05,3.96,0.14,0.5
0.26418988648090813,15.851393188854487,6.293765169714051,6.293765169714051,0.0,0.0,0.0,7.142018393796792,0.0,0.0,0.0,8.770740137674029,0.0,0.0,0.0,7.2321011438525185,0.0,0.0,0.0,0.3097331451675995,1.096774193548387,0.0,0.0,cohface_8_0,/home/gongjae/Projects/resPyre/results/cohface_robust_ossm/data/cohface_8_0.pkl,Good,3,0.07,0.07,0.07,0.06,0.12,0.07,0.14,0.14,0.13,0.06,0.11,0.07,0.83,0.4,0.63
0.2120285423037717,12.721712538226301,3.4073889195912024,3.4073889195912024,0.25,0.25,0.3125,4.290783424952186,0.1875,0.0625,0.25,3.665132551915442,0.125,0.125,0.375,4.265652612603828,0.25,0.0625,0.1875,-6.543835088853641,11.875,10.3125,6.1875,cohface_9_0,/home/gongjae/Projects/resPyre/results/cohface_robust_ossm/data/cohface_9_0.pkl,Good,3,0.15,0.15,0.17,0.18,0.21,0.17,0.2,0.22,0.2,0.18,0.21,0.25,10.43,10.22,5.36
0.19296482412060303,11.577889447236181,3.842891205466695,3.842891205466695,0.06060606060606061,0.06060606060606061,0.12121212121212122,4.625672272218142,0.18181818181818182,0.18181818181818182,0.24242424242424243,3.986912847959389,0.06060606060606061,0.06060606060606061,0.06060606060606061,4.760632140219174,0.18181818181818182,0.18181818181818182,0.12121212121212122,-4.24770688397948,11.696969696969697,11.030303030303031,11.272727272727273,cohface_9_1,/home/gongjae/Projects/resPyre/results/cohface_robust_ossm/data/cohface_9_1.pkl,Good,3,0.08,0.08,0.09,0.1,0.1,0.11,0.16,0.14,0.15,0.09,0.11,0.09,9.86,9.1,9.5
0.252465483234714,15.147928994082841,4.579974078337492,4.579974078337492,1.0,0.29411764705882354,0.4117647058823529,4.841739607158059,0.058823529411764705,0.058823529411764705,0.5294117647058824,3.932121218511331,0.29411764705882354,0.23529411764705882,0.29411764705882354,4.886826214408185,0.058823529411764705,0.058823529411764705,0.6470588235294118,-2.074593030061476,3.411764705882353,0.8235294117647058,3.0588235294117645,cohface_9_3,/home/gongjae/Projects/resPyre/results/cohface_robust_ossm/data/cohface_9_3.pkl,Good,3,0.65,0.64,0.71,0.57,0.58,1.06,0.43,0.49,0.45,0.56,0.58,1.59,2.24,1.63,3.51
