dataset,family,stage,trial_count,n_samples_mean,n_samples_median,duration_sec_mean,duration_sec_median,fs_obs_mean,fs_obs_median,fs_gt_mean,fs_gt_median,stage_mean_mean,stage_mean_median,stage_std_mean,stage_std_median,stage_median_mean,stage_median_median,stage_mad_mean,stage_mad_median,stage_sigma_hat_mean,stage_sigma_hat_median,stage_clipped_frac_mean,stage_clipped_frac_median,scale_ratio_to_gt_mean,scale_ratio_to_gt_median,corr_wave_best_mean,corr_wave_best_median,ccc_wave_best_z_mean,ccc_wave_best_z_median,lag_wave_sec_mean,lag_wave_sec_median,sign_wave_best_mean,sign_wave_best_median,corr_deriv_best_mean,corr_deriv_best_median,ccc_deriv_best_z_mean,ccc_deriv_best_z_median,lag_deriv_sec_mean,lag_deriv_sec_median,sign_deriv_best_mean,sign_deriv_best_median,peak_hz_mean,peak_hz_median,gt_peak_hz_mean,gt_peak_hz_median,peak_error_hz_mean,peak_error_hz_median,peak_power_mean,peak_power_median,peak_sharpness_mean,peak_sharpness_median,harmonic_ratio_mean,harmonic_ratio_median,lowfreq_energy_ratio_mean,lowfreq_energy_ratio_median,band_energy_ratio_mean,band_energy_ratio_median,highfreq_energy_ratio_mean,highfreq_energy_ratio_median,vs_saved_base_rmse_mean,vs_saved_base_rmse_median,vs_saved_base_corr_mean,vs_saved_base_corr_median,roi_snr_db_mean_mean,roi_snr_db_mean_median,valid_ratio_mean_mean,valid_ratio_mean_median,center_disp_mean_mean,center_disp_mean_median,roi_mean_mean_mean,roi_mean_mean_median,roi_std_mean_mean,roi_std_mean_median,center_disp_std_mean,center_disp_std_median
COHFACE,DoF,bandpass_only,160,1232.23125,1224.0,61.611562500000005,61.2,20.0,20.0,32.0,32.0,88.7225995082583,83.75817371696857,477.74288297931196,445.8342339957976,39.688451693329434,31.015242443072566,248.78518380173256,223.38852895782355,368.8489135044486,331.1958330328692,0.0,0.0,3149.128747712649,1005.6007752453522,0.433132214511995,0.4363695493167939,0.433132214511995,0.4363695493167939,-0.5721875000000001,-0.9,-0.1875,-1.0,0.3824658385883376,0.3721659506827649,0.3824658385883376,0.3721659506827649,-0.04031250000000002,-0.7,0.0625,1.0,0.22208333333333333,0.2,0.21583333333333332,0.2,0.0062499999999999995,0.0,605837.1882092922,338351.31395110197,2.6286664130223096,2.2309225503666754,0.39774656566867306,0.26910132823290767,0.10151794710985078,0.09009696782632536,0.6490658879216881,0.6592059550839544,0.07694971419713637,0.07053293814396344,2937.9678888737567,2814.9434217699427,0.24209312249453552,0.22703296944027526,3.6155785735974284,3.4634950168508594,1.0,1.0,0.002461813606178414,0.002062599119127105,58.37367697717965,48.02200895763117,33.80615483182042,33.0581835764728,0.003977947039473554,0.0029834592329879596
COHFACE,DoF,current_preprocess,160,1232.23125,1224.0,61.611562500000005,61.2,20.0,20.0,32.0,32.0,0.010777139176949398,0.004633263388900581,1.0269080644892656,1.0135191378654447,3.7727906261890607e-19,0.0,0.6744907594765952,0.6744907594765952,1.0,1.0,0.0009640850878451098,0.0,9.771248391504745,3.1755762811502315,0.49500227125840324,0.5242702742227437,0.49500227125840324,0.5242702742227436,-0.33249999999999996,-0.675,0.0,0.0,0.41026552306747865,0.4044406709726887,0.41026552306747865,0.4044406709726887,-0.2728125,-0.75,-0.0625,-1.0,0.22625,0.2,0.21583333333333332,0.2,0.010416666666666666,0.0,4.106045852636,3.885466686664625,2.6969044046910833,2.24364193241136,0.36785864230900206,0.26504355190387663,0.03422734538246806,0.027072011446365944,0.7336564991488205,0.7405234428961487,0.09057511299670638,0.08070437745829714,3038.886571087686,2899.536963836447,-0.04600907028997718,-0.24004013084316134,3.6155785735974284,3.4634950168508594,1.0,1.0,0.002461813606178414,0.002062599119127105,58.37367697717965,48.02200895763117,33.80615483182042,33.0581835764728,0.003977947039473554,0.0029834592329879596
COHFACE,DoF,detrend_only,160,1232.23125,1224.0,61.611562500000005,61.2,20.0,20.0,32.0,32.0,-9.123342309211461e-14,-1.1991277113340725e-14,1604.1544096368552,1615.102348766552,-393.26549858087094,-408.5015816878307,832.7853734154056,812.9204941561005,1234.6875946256803,1205.2359246358346,0.0,0.0,11539.951732292597,3126.8947685460757,0.12880035803036333,0.1107026682613517,0.12880035803036333,0.1107026682613517,-0.43656249999999996,-0.7,0.325,1.0,0.02469614876237194,0.02269434936672573,0.024696148762371938,0.02269434936672573,-0.48500000000000004,-0.75,0.1375,1.0,0.24749999999999997,0.2,0.21583333333333332,0.2,0.03166666666666666,0.0,679512.4158020888,399614.17137700034,2.478240107222809,2.0089966745075687,0.3905839707252824,0.31222996657427604,0.005081966072672894,0.002686396583061358,0.04066342806347356,0.03066572909938875,0.9401681893801175,0.9558292923082938,2554.3116808404593,2326.8873149353285,0.9977388061053553,0.9992246416703838,3.6155785735974284,3.4634950168508594,1.0,1.0,0.002461813606178414,0.002062599119127105,58.37367697717965,48.02200895763117,33.80615483182042,33.0581835764728,0.003977947039473554,0.0029834592329879596
COHFACE,DoF,helper_preprocess,160,1232.23125,1224.0,61.611562500000005,61.2,20.0,20.0,32.0,32.0,1.3838581630567008e-18,1.4549782423307391e-18,1.0,1.0,-0.0020488847892233624,-0.0022256328372423475,0.6622775643060004,0.6646565827079112,0.9818927168400762,0.9854198495227491,0.0,0.0,9.587360293573449,2.9122153525619185,0.5004448382687686,0.5280864671129529,0.5004448382687686,0.5280864671129529,-0.4065625,-0.7,0.15,1.0,0.44980060888864104,0.4521354433568554,0.44980060888864104,0.4521354433568554,-0.2328125,-0.75,0.0875,1.0,0.22999999999999998,0.2,0.21583333333333332,0.2,0.014166666666666666,0.0,4.13010706720021,4.107431673783224,2.606384762022111,2.173306847305504,0.3735322178722341,0.2864976777834779,0.03615753896508532,0.028256607826274465,0.77867254055683,0.7881366100354844,0.03514999056936714,0.030033277405396047,3038.731096872913,2899.4617529035154,0.2665884069605882,0.253972726590737,3.6155785735974284,3.4634950168508594,1.0,1.0,0.002461813606178414,0.002062599119127105,58.37367697717965,48.02200895763117,33.80615483182042,33.0581835764728,0.003977947039473554,0.0029834592329879596
COHFACE,DoF,raw,160,1232.23125,1224.0,61.611562500000005,61.2,20.0,20.0,32.0,32.0,2551.8288046241555,2325.5123061596887,1608.2662960170087,1616.9614054635515,2157.24375,1822.0,837.98125,816.25,1242.39100125,1210.17225,0.0,0.0,11710.128401106713,3131.0716719504826,0.133790686801207,0.11689606910993537,0.133790686801207,0.11689606910993537,-0.48218750000000005,-0.7,0.225,1.0,0.024696148762371944,0.02269434936672573,0.024696148762371938,0.02269434936672573,-0.48500000000000004,-0.75,0.1375,1.0,0.24749999999999997,0.2,0.21583333333333332,0.2,0.03166666666666666,0.0,678766.6404563338,399735.03622493387,2.4761799248603973,2.00937223084982,0.39087106943416106,0.3122096611709795,0.00511488624866723,0.002671067612841591,0.040656546766116894,0.030657437986854386,0.940110473174208,0.9556980471314271,0.0,0.0,1.0,1.0,3.6155785735974284,3.4634950168508594,1.0,1.0,0.002461813606178414,0.002062599119127105,58.37367697717965,48.02200895763117,33.80615483182042,33.0581835764728,0.003977947039473554,0.0029834592329879596
COHFACE,DoF,robust_zscore_only,160,1232.23125,1224.0,61.611562500000005,61.2,20.0,20.0,32.0,32.0,0.34890417916519534,0.3656277448543038,1.3148401219203099,1.3176920958008693,0.0,0.0,0.6744907594765952,0.6744907594765952,1.0,1.0,0.00984050414177264,0.001631325711609291,9.771248391504745,3.1755762811502315,0.13693834730666482,0.11916411917343533,0.13693834730666482,0.11916411917343533,-0.4543749999999999,-0.7,0.225,1.0,0.02497952799031799,0.02266925409469512,0.02497952799031799,0.02266925409469512,-0.548125,-0.75,0.1375,1.0,0.24625,0.2,0.21583333333333332,0.2,0.030416666666666665,0.0,0.35985718988507037,0.32404139831771317,2.4918288823550787,2.073409519759068,0.3953605066132664,0.31498962890050664,0.005248290916155327,0.002929817899663275,0.0417568315142709,0.03093725634220436,0.9385669375124642,0.9538570297346616,3037.8591507981223,2898.331912820126,0.9897597597993126,0.9999718286456916,3.6155785735974284,3.4634950168508594,1.0,1.0,0.002461813606178414,0.002062599119127105,58.37367697717965,48.02200895763117,33.80615483182042,33.0581835764728,0.003977947039473554,0.0029834592329879596
COHFACE,DoF,sign_align_only,160,1232.23125,1224.0,61.611562500000005,61.2,20.0,20.0,32.0,32.0,-170.55101852551985,-1084.8460179355848,1608.2662960170087,1616.9614054635515,-116.2875,-788.0,837.98125,816.25,1242.39100125,1210.17225,0.0,0.0,11710.128401106713,3131.0716719504826,0.133790686801207,0.11689606910993537,0.133790686801207,0.11689606910993537,-0.48218750000000005,-0.7,0.0875,1.0,0.024696148762371944,0.02269434936672573,0.024696148762371938,0.02269434936672573,-0.48500000000000004,-0.75,0.0,0.0,0.24749999999999997,0.2,0.21583333333333332,0.2,0.03166666666666666,0.0,678766.6404563338,399735.03622493387,2.4761799248603973,2.00937223084982,0.39087106943416106,0.3122096611709795,0.00511488624866723,0.002671067612841591,0.040656546766116894,0.030657437986854386,0.940110473174208,0.9556980471314271,3271.828735845909,2920.4610262405904,-0.08749999999999998,-0.9999999999999998,3.6155785735974284,3.4634950168508594,1.0,1.0,0.002461813606178414,0.002062599119127105,58.37367697717965,48.02200895763117,33.80615483182042,33.0581835764728,0.003977947039473554,0.0029834592329879596
COHFACE,OF,bandpass_only,160,1232.23125,1224.0,61.611562500000005,61.2,20.0,20.0,32.0,32.0,0.00012997461363222553,8.17087241982984e-06,0.014756099831403042,0.0069193269361916354,0.0015569137408859162,0.00048720645901801594,0.009289875469181287,0.0033098259357019306,0.013773169370608174,0.004907147932271682,0.0,0.0,0.06610083293863753,0.013149584747298135,0.6384974187229029,0.6871029341699908,0.6384974187229029,0.6871029341699908,-0.020312499999999983,0.45,0.0375,1.0,0.6040755451980686,0.6547594929712889,0.6040755451980686,0.6547594929712889,0.05,0.4,0.14465408805031446,1.0,0.22916666666666666,0.2,0.21583333333333332,0.2,0.013333333333333332,0.0,0.0039195392168274576,0.00016600623132124952,3.9301840887748063,3.3532285467999254,0.28604664837360444,0.21625184035327563,0.03417788415332622,0.013974652391527474,0.8243539468147949,0.8496586167751689,0.018847857858322926,0.015795685854503402,0.0210641541450517,0.013905355736118268,0.47645258115903655,0.45450454483771674,3.6155785735974284,3.4634950168508594,1.0,1.0,0.002461813606178414,0.002062599119127105,58.37367697717965,48.02200895763117,33.80615483182042,33.0581835764728,0.003977947039473554,0.0029834592329879596
COHFACE,OF,current_preprocess,160,1232.23125,1224.0,61.611562500000005,61.2,20.0,20.0,32.0,32.0,0.006686313415119672,-0.01434283349586731,1.2720084007338746,1.1882025930541373,-1.2003515653777504e-19,0.0,0.6525011049929544,0.6744907594765952,0.9673981382625543,1.0,0.02051745319004556,0.0,9.718500937600872,3.1255378124916873,0.6560610182249254,0.6857191071471056,0.6560610182249254,0.6857191071471056,0.0015624999999999916,0.55,0.0125,1.0,0.6076433517474891,0.6521557954024408,0.6076433517474891,0.6521557954024408,0.04375000000000001,0.4,-0.1375,-1.0,0.22374999999999998,0.2,0.21583333333333332,0.2,0.007916666666666667,0.0,8.014772154503678,6.880517614998189,4.046710510638324,3.3634474842344138,0.3042690974559957,0.21802469127701968,0.026190199722021846,0.013616753356704297,0.8289630832853812,0.850303128624522,0.021673792449334192,0.017339912872885128,1.2794710758284753,1.198690370331216,0.05600934159000472,0.22135080979145905,3.6155785735974284,3.4634950168508594,1.0,1.0,0.002461813606178414,0.002062599119127105,58.37367697717965,48.02200895763117,33.80615483182042,33.0581835764728,0.003977947039473554,0.0029834592329879596
COHFACE,OF,detrend_only,160,1232.23125,1224.0,61.611562500000005,61.2,20.0,20.0,32.0,32.0,2.1050466308298104e-19,8.446744634353641e-21,0.027319130377245888,0.01624053521394797,0.0005174461751935456,1.0836181754179435e-05,0.004434930674895638,0.0008766034460453395,0.0065752282186002705,0.0012996522691068203,0.0,0.0,0.03255871351135452,0.0029195896659164706,0.3150788522046891,0.3166834803640999,0.3150788522046891,0.3166834803640999,0.032499999999999994,0.42500000000000004,0.05,1.0,0.06216753261830586,0.046063418427983394,0.06216753261830586,0.046063418427983394,-0.030624999999999993,0.15,0.175,1.0,0.2370833333333333,0.2,0.21583333333333332,0.2,0.02125,0.0,0.004292649891239552,0.00017930266008126845,3.4384040107790184,2.7591878422830147,0.36279303654687645,0.3128771709375372,0.009395884399653557,0.0037875111784712538,0.21240063967863465,0.15089969459091193,0.7383234908178574,0.7801392924411789,0.0012766844707233684,0.0005091807913640246,0.9991270972726657,0.9997192641162266,3.6155785735974284,3.4634950168508594,1.0,1.0,0.002461813606178414,0.002062599119127105,58.37367697717965,48.02200895763117,33.80615483182042,33.0581835764728,0.003977947039473554,0.0029834592329879596
COHFACE,OF,helper_preprocess,160,1232.23125,1224.0,61.611562500000005,61.2,20.0,20.0,32.0,32.0,3.308805745094027e-19,0.0,1.0,1.0,0.06206491447265583,0.0523546047592756,0.5117819985993037,0.5391883454984837,0.7587679911233277,0.7994006410360519,0.0,0.0,6.868295887676964,1.871010284177957,0.6359457165414013,0.6850109843978845,0.6359457165414013,0.6850109843978845,-0.0721875,0.45,0.025,1.0,0.6071802703696172,0.6567025943275158,0.6071802703696172,0.6567025943275158,0.02124999999999999,0.35,0.075,1.0,0.23041666666666663,0.2,0.21583333333333332,0.2,0.014583333333333332,0.0,4.807731548889249,5.018519941392955,3.7950731115346024,3.156182756440541,0.3111141524860003,0.24416162744765904,0.032879614302350445,0.014875229505629115,0.8290723468805968,0.8541553874254474,0.012390922026663998,0.010847221377223586,0.9844222944669514,0.9933671462523297,0.4641624624587323,0.44542395990798295,3.6155785735974284,3.4634950168508594,1.0,1.0,0.002461813606178414,0.002062599119127105,58.37367697717965,48.02200895763117,33.80615483182042,33.0581835764728,0.003977947039473554,0.0029834592329879596
COHFACE,OF,raw,160,1232.23125,1224.0,61.611562500000005,61.2,20.0,20.0,32.0,32.0,-0.00019209174135873802,1.0675353918141864e-07,0.027342579890903846,0.016242719080782425,0.0001262931167653203,6.052793682931323e-11,0.004228483690230571,0.0003299461538260884,0.006269149919135844,0.0004891781676625586,0.0,0.0,0.028471261758638833,0.0019236437648699574,0.3157257904147788,0.32021381385001785,0.3157257904147787,0.32021381385001785,-0.08593750000000003,0.35,0.025,1.0,0.06216753261830586,0.046063418427983394,0.06216753261830586,0.046063418427983394,-0.030624999999999993,0.15,0.175,1.0,0.23499999999999996,0.2,0.21583333333333332,0.2,0.01916666666666667,0.0,0.004292631618283979,0.00017940505722660984,3.4380081088969563,2.7590887379328324,0.372004296350367,0.316861245671311,0.009407551160865037,0.003782881334524346,0.21239241359216146,0.15089395014314597,0.7383069408532242,0.7801722597885044,0.0,0.0,1.0,1.0,3.6155785735974284,3.4634950168508594,1.0,1.0,0.002461813606178414,0.002062599119127105,58.37367697717965,48.02200895763117,33.80615483182042,33.0581835764728,0.003977947039473554,0.0029834592329879596
COHFACE,OF,robust_zscore_only,160,1232.23125,1224.0,61.611562500000005,61.2,20.0,20.0,32.0,32.0,0.046543434549302556,0.03995711508490343,2.4646371967574594,2.611456414437276,0.0,0.0,0.4613740775669826,0.6744907594765952,0.6840332074008085,1.0,0.21309337825481273,0.2037396572807979,8.426736270121603,1.5836838184980457,0.4504494423115558,0.4824145908291169,0.4504494423115558,0.4824145908291169,-0.11625,-0.2,0.0,0.0,0.08360081553508374,0.06995722193098627,0.08360081553508374,0.06995722193098627,-0.1834375,0.0,0.025,1.0,0.22416666666666668,0.2,0.21583333333333332,0.2,0.008333333333333335,0.0,15.669394864269368,15.991407064123091,4.7131115841483995,3.7890048169839097,0.29963291579209617,0.25073833486338204,0.011726462260529025,0.0034451859770175423,0.3169289308576347,0.306118143664614,0.6168318997714823,0.5795815593380951,2.4460458968623486,2.5867078552613325,0.6171911167542428,0.6137185979837962,3.6155785735974284,3.4634950168508594,1.0,1.0,0.002461813606178414,0.002062599119127105,58.37367697717965,48.02200895763117,33.80615483182042,33.0581835764728,0.003977947039473554,0.0029834592329879596
COHFACE,OF,sign_align_only,160,1232.23125,1224.0,61.611562500000005,61.2,20.0,20.0,32.0,32.0,-0.00023364359532418588,3.1008757844084555e-07,0.027342579890903846,0.016242719080782425,-4.0766648249932855e-05,0.0,0.004228483690230571,0.0003299461538260884,0.006269149919135844,0.0004891781676625586,0.0,0.0,0.028471261758638833,0.0019236437648699574,0.3157257904147788,0.32021381385001785,0.3157257904147787,0.32021381385001785,-0.08593750000000003,0.35,0.1125,1.0,0.06216753261830586,0.046063418427983394,0.06216753261830586,0.046063418427983394,-0.030624999999999993,0.15,0.0375,1.0,0.23499999999999996,0.2,0.21583333333333332,0.2,0.01916666666666667,0.0,0.004292631618283979,0.00017940505722660984,3.4380081088969563,2.7590887379328324,0.372004296350367,0.316861245671311,0.009407551160865037,0.003782881334524346,0.21239241359216146,0.15089395014314597,0.7383069408532242,0.7801722597885044,0.025892536270275712,0.0,0.1125,0.9999999999999998,3.6155785735974284,3.4634950168508594,1.0,1.0,0.002461813606178414,0.002062599119127105,58.37367697717965,48.02200895763117,33.80615483182042,33.0581835764728,0.003977947039473554,0.0029834592329879596
COHFACE,P1D_cub,bandpass_only,160,1232.23125,1224.0,61.611562500000005,61.2,20.0,20.0,32.0,32.0,3825.3287968266836,3949.301383523086,13679.913836691698,14100.785305684241,16.280403882285952,10.467588714573436,345.6789707904932,347.7653306039865,512.5036420939853,515.5968791534704,0.0,0.0,4899.0992278408,1480.053791097562,0.22281128293211122,0.20326081179496341,0.22281128293211122,0.20326081179496341,-0.44781250000000006,-1.0,-0.175,-1.0,0.18384285411379162,0.17866859610749242,0.18384285411379162,0.17866859610749242,0.09906249999999997,-0.07500000000000001,0.2625,1.0,0.13333333333333333,0.13333333333333333,0.21583333333333332,0.2,-0.08249999999999999,-0.06666666666666668,43268770.25614284,42835730.598337054,357.3286012687246,370.4287355705029,0.06814651994025056,0.06686062811353917,0.5416037987853614,0.541509059213934,0.0646051086426122,0.06541019818785368,7.553178507944757e-05,7.104611642266376e-05,121078.67409620962,123846.02812707514,0.03140470321450721,0.027854960834154847,3.6155785735974284,3.4634950168508594,1.0,1.0,0.002461813606178414,0.002062599119127105,58.37367697717965,48.02200895763117,33.80615483182042,33.0581835764728,0.003977947039473554,0.0029834592329879596
COHFACE,P1D_cub,current_preprocess,160,1232.23125,1224.0,61.611562500000005,61.2,20.0,20.0,32.0,32.0,0.008205708076799802,0.007742906744975768,1.08195926924468,1.0229774646134935,6.906620625127859e-19,0.0,0.6744907594765952,0.6744907594765952,1.0,1.0,0.004238475325125364,0.0,9.771248391504745,3.175576281150232,0.7197775389700276,0.7540847882610634,0.7197775389700276,0.7540847882610633,-0.11062500000000001,0.35,0.0625,1.0,0.6919058504618729,0.7361032599404098,0.6919058504618729,0.7361032599404098,-0.15281250000000002,0.3,0.0375,1.0,0.22541666666666665,0.2,0.21583333333333332,0.2,0.009583333333333334,0.0,6.487567665845819,5.83358384135848,4.814910292481855,4.160051353999482,0.24700123443121527,0.1628761003101307,0.022611148237008112,0.00945996795288672,0.8413917780379165,0.8660464853521935,0.0156698527895338,0.009884013720856694,124128.84030790739,126994.32933615704,-0.028705457852952976,-0.26708450727969324,3.6155785735974284,3.4634950168508594,1.0,1.0,0.002461813606178414,0.002062599119127105,58.37367697717965,48.02200895763117,33.80615483182042,33.0581835764728,0.003977947039473554,0.0029834592329879596
COHFACE,P1D_cub,detrend_only,160,1232.23125,1224.0,61.611562500000005,61.2,20.0,20.0,32.0,32.0,-2.7803290381362388e-12,-1.223294174311327e-12,175.7117927155683,137.6717361705788,4.8475389263770925,6.360965938351001,44.430058052712546,38.84171108867304,65.87200406895163,57.58672086006664,0.0,0.0,657.3459008466734,158.01038501523612,0.3962372290794359,0.41401866054276937,0.3962372290794359,0.41401866054276937,0.019374999999999983,0.4,0.0625,1.0,0.07148293311470885,0.05931370613962734,0.07148293311470885,0.05931370613962734,-0.09812499999999999,0.1,0.0625,1.0,0.23041666666666663,0.2,0.21583333333333332,0.2,0.014583333333333334,0.0,60157.34246795395,23623.491177450058,4.329695414715279,3.5125714960736714,0.3177553138165878,0.23439238664093573,0.010412964242897466,0.0032136398827302144,0.27701737428329326,0.24735913243344798,0.6635743498665482,0.6671227212927715,124128.53543840288,126994.13246565158,0.9993054582329233,0.9997881114826364,3.6155785735974284,3.4634950168508594,1.0,1.0,0.002461813606178414,0.002062599119127105,58.37367697717965,48.02200895763117,33.80615483182042,33.0581835764728,0.003977947039473554,0.0029834592329879596
COHFACE,P1D_cub,helper_preprocess,160,1232.23125,1224.0,61.611562500000005,61.2,20.0,20.0,32.0,32.0,-3.944958611983894e-19,7.209240419643874e-19,1.0,1.0,0.09739795538756951,0.08935429612475912,0.6489999952615675,0.6588087662283012,0.9622073929747998,0.9767498768100793,0.0,0.0,9.55730915530489,2.7798354372145466,0.7152787978915386,0.7511610007447715,0.7152787978915386,0.7511610007447715,-0.15531250000000002,-0.07500000000000001,-0.025,-1.0,0.6968840158987899,0.7396278729056206,0.6968840158987899,0.7396278729056206,-0.171875,0.25,0.0125,1.0,0.22791666666666668,0.2,0.21583333333333332,0.2,0.012083333333333333,0.0,5.653897187147449,5.700767668164164,4.617307415861147,3.952407750870028,0.25868913105034974,0.17562892683906015,0.02315452394648879,0.00945559818228149,0.84568475708808,0.8703144360389528,0.009594263008564394,0.006264109128397313,124128.84780259493,126994.31037065072,0.5299971510644237,0.5481315234984168,3.6155785735974284,3.4634950168508594,1.0,1.0,0.002461813606178414,0.002062599119127105,58.37367697717965,48.02200895763117,33.80615483182042,33.0581835764728,0.003977947039473554,0.0029834592329879596
COHFACE,P1D_cub,raw,160,1232.23125,1224.0,61.611562500000005,61.2,20.0,20.0,32.0,32.0,124128.53506179107,126994.1323541535,175.81882043526033,137.79039831538785,124135.4375,127000.0,43.4375,40.0,64.4004375,59.303999999999995,0.0,0.0,616.8966012232885,151.28609105651685,0.39653868101781387,0.41156011168853956,0.3965386810178138,0.41156011168853956,-0.02562500000000001,0.25,0.0,0.0,0.07148293311470888,0.059313706139627026,0.07148293311470888,0.059313706139627026,-0.09812499999999999,0.1,0.0625,1.0,0.23041666666666663,0.2,0.21583333333333332,0.2,0.014583333333333334,0.0,60162.38069519822,23625.765639485508,4.329647925672771,3.5092319822255393,0.3178081146076462,0.23446460123775192,0.01042648562553457,0.003278226887111827,0.2770066584439991,0.24733446078200824,0.6635565810933419,0.6674584836027,0.0,0.0,1.0,1.0,3.6155785735974284,3.4634950168508594,1.0,1.0,0.002461813606178414,0.002062599119127105,58.37367697717965,48.02200895763117,33.80615483182042,33.0581835764728,0.003977947039473554,0.0029834592329879596
COHFACE,P1D_cub,robust_zscore_only,160,1232.23125,1224.0,61.611562500000005,61.2,20.0,20.0,32.0,32.0,-0.12403500292218231,-0.13378674405382074,1.7731465076131954,1.7773667262371577,0.0,0.0,0.6744907594765951,0.6744907594765952,1.0,1.0,0.05016892248853411,0.04133940350949149,9.771248391504745,3.175576281150232,0.44759731624242693,0.46822938623861754,0.44759731624242693,0.4682293862386175,-0.08468750000000001,0.3,0.025,1.0,0.07983372521523212,0.06771582632538245,0.07983372521523212,0.06771582632538245,-0.1584375,0.125,0.1625,1.0,0.22541666666666665,0.2,0.21583333333333332,0.2,0.009583333333333334,0.0,7.390566968401794,7.125174125141543,4.745288723971134,3.8241935375989944,0.30391058418925837,0.22590063949413025,0.012483666771291405,0.003095808366495689,0.3162885788482508,0.299720395668817,0.6148429818056249,0.5970393019010768,124128.97032071612,126994.40128434126,0.8998995614923393,0.9260923821210414,3.6155785735974284,3.4634950168508594,1.0,1.0,0.002461813606178414,0.002062599119127105,58.37367697717965,48.02200895763117,33.80615483182042,33.0581835764728,0.003977947039473554,0.0029834592329879596
COHFACE,P1D_cub,sign_align_only,160,1232.23125,1224.0,61.611562500000005,61.2,20.0,20.0,32.0,32.0,-12173.82339553517,-97984.71960390142,175.81882043526033,137.79039831538785,-12174.6875,-98000.0,43.4375,40.0,64.4004375,59.303999999999995,0.0,0.0,616.8966012232885,151.28609105651685,0.39653868101781387,0.41156011168853956,0.3965386810178138,0.41156011168853956,-0.02562500000000001,0.25,-0.0125,-1.0,0.07148293311470888,0.059313706139627026,0.07148293311470888,0.059313706139627026,-0.09812499999999999,0.1,0.025,1.0,0.23041666666666663,0.2,0.21583333333333332,0.2,0.014583333333333334,0.0,60162.38069519822,23625.765639485508,4.329647925672771,3.5092319822255393,0.3178081146076462,0.23446460123775192,0.01042648562553457,0.003278226887111827,0.2770066584439991,0.24733446078200824,0.6635565810933419,0.6674584836027,136302.49701525224,195969.60065327835,-0.0875,-0.9999999999999998,3.6155785735974284,3.4634950168508594,1.0,1.0,0.002461813606178414,0.002062599119127105,58.37367697717965,48.02200895763117,33.80615483182042,33.0581835764728,0.003977947039473554,0.0029834592329879596
COHFACE,P1D_lin,bandpass_only,160,1232.23125,1224.0,61.611562500000005,61.2,20.0,20.0,32.0,32.0,3824.947527401622,3949.7789993370493,13677.867449443884,14099.136574550857,4.027038207300221,4.442319274941269,341.4182936508908,351.447966226035,506.1867621668107,521.0567547267194,0.0,0.0,5118.322496918109,1456.1371335409813,0.22310538310393985,0.20340595208059348,0.22310538310393985,0.20340595208059348,-0.480625,-1.025,-0.15,-1.0,0.18408664805700256,0.17950650453672992,0.18408664805700256,0.17950650453672992,0.17375000000000002,0.025,0.275,1.0,0.13333333333333333,0.13333333333333333,0.21583333333333332,0.2,-0.08249999999999999,-0.06666666666666668,43252436.55365397,42832104.265731186,413.79277263294097,417.6277594211647,0.06574245839939372,0.06574079291497595,0.5417910481347302,0.541219977244283,0.06427616828461027,0.06528296411314755,7.246388385591317e-05,6.722776273771748e-05,121079.27091215583,123849.32835112802,0.016383107808661625,0.012467722253691731,3.6155785735974284,3.4634950168508594,1.0,1.0,0.002461813606178414,0.002062599119127105,58.37367697717965,48.02200895763117,33.80615483182042,33.0581835764728,0.003977947039473554,0.0029834592329879596
COHFACE,P1D_lin,current_preprocess,160,1232.23125,1224.0,61.611562500000005,61.2,20.0,20.0,32.0,32.0,-0.0002869684147807902,0.013370205542537004,1.2581105880709287,1.1307979375687922,-6.076455544924741e-19,0.0,0.6744907594765952,0.6744907594765952,1.0,1.0,0.026299200120042433,0.013817038875103391,9.771248391504745,3.175576281150232,0.6122217854863115,0.632415993383358,0.6122217854863115,0.632415993383358,-0.1240625,-0.75,-0.0125,-1.0,0.5645272525806069,0.5677844312351827,0.5645272525806069,0.5677844312351827,-0.09999999999999999,-0.9,-0.1875,-1.0,0.22958333333333333,0.2,0.21583333333333332,0.2,0.013749999999999998,0.0,7.17000233723505,5.811108032625871,4.320668927813622,3.520453481329114,0.2505734363552067,0.16890264794583199,0.030470464914702067,0.019777319319199113,0.8139905246433556,0.8318399077943011,0.02307988681615402,0.014248162155404023,124128.94650937516,126991.20672811868,0.035201192981149675,0.11527588813421596,3.6155785735974284,3.4634950168508594,1.0,1.0,0.002461813606178414,0.002062599119127105,58.37367697717965,48.02200895763117,33.80615483182042,33.0581835764728,0.003977947039473554,0.0029834592329879596
COHFACE,P1D_lin,detrend_only,160,1232.23125,1224.0,61.611562500000005,61.2,20.0,20.0,32.0,32.0,-1.539238254087646e-12,9.972761577205435e-13,109.75244636154613,58.31253994716171,4.411390263789736,7.879355281966127,5.954425633480514,2.776224529145111,8.828031444198208,4.116030486910541,0.0,0.0,176.3507754646744,10.401491103286949,0.2953735135983355,0.2841919050865178,0.2953735135983355,0.2841919050865178,0.03187500000000001,0.0,-0.1,-1.0,0.05181976725188635,0.03805691864309224,0.05181976725188635,0.03805691864309224,0.09812499999999999,0.1,-0.0875,-1.0,0.23833333333333334,0.2,0.21583333333333332,0.2,0.022500000000000003,0.0,8218.151457919523,380.66822547404627,3.80868624039764,2.8314221275079703,0.33452107214062854,0.24203438144556988,0.017753619875872657,0.0035679687976590507,0.18440056055716963,0.10272338725363248,0.760783711694829,0.8459354207428514,124128.64895440247,126991.45103216222,0.9993406656471249,0.9997911325090199,3.6155785735974284,3.4634950168508594,1.0,1.0,0.002461813606178414,0.002062599119127105,58.37367697717965,48.02200895763117,33.80615483182042,33.0581835764728,0.003977947039473554,0.0029834592329879596
COHFACE,P1D_lin,helper_preprocess,160,1232.23125,1224.0,61.611562500000005,61.2,20.0,20.0,32.0,32.0,-1.1671896612398631e-18,0.0,1.0,1.0,0.06934161920626736,0.05950808585910691,0.5118341118040746,0.4674284264281242,0.7588452541607209,0.6930093850223369,0.0,0.0,7.05432141437373,2.0760636317456047,0.5772577417873113,0.6014995434864338,0.5772577417873113,0.6014995434864338,-0.07593749999999999,-0.675,-0.175,-1.0,0.5544613461250437,0.526707228724004,0.5544613461250437,0.526707228724004,-0.18062500000000004,-0.9,-0.3125,-1.0,0.2316666666666667,0.2,0.21583333333333332,0.2,0.01583333333333333,0.0,4.45475478426538,4.458097977051924,3.9736462653117797,3.1236033982474556,0.28162352128196827,0.20542444271918509,0.04430434989943505,0.022826312816824356,0.8024340285675949,0.8178075058484986,0.014054975600386283,0.00943645429003526,124128.94597546947,126991.45136504539,0.39038476120794025,0.31318821927434576,3.6155785735974284,3.4634950168508594,1.0,1.0,0.002461813606178414,0.002062599119127105,58.37367697717965,48.02200895763117,33.80615483182042,33.0581835764728,0.003977947039473554,0.0029834592329879596
COHFACE,P1D_lin,raw,160,1232.23125,1224.0,61.611562500000005,61.2,20.0,20.0,32.0,32.0,124128.64816863164,126991.4510318616,109.84678322128477,58.38091484454441,124135.5625,127000.0,1.125,0.0,1.6679249999999997,0.0,0.0,0.0,169.5295684100629,0.0,0.2961277436235587,0.27088802797068323,0.2961277436235587,0.27088802797068323,0.10812500000000003,0.45,-0.0625,-1.0,0.05181976725188581,0.03805691864309772,0.05181976725188581,0.03805691864309772,0.09812499999999999,0.1,-0.0875,-1.0,0.23833333333333334,0.2,0.21583333333333332,0.2,0.022500000000000003,0.0,8228.621343322748,380.67542450149824,3.8101665781213585,2.808814677031026,0.33443353347841737,0.24203538754090992,0.01769258970664468,0.0035714379840117937,0.18445451214004382,0.10261606771915219,0.7609055964693875,0.8469131703344523,0.0,0.0,1.0,1.0,3.6155785735974284,3.4634950168508594,1.0,1.0,0.002461813606178414,0.002062599119127105,58.37367697717965,48.02200895763117,33.80615483182042,33.0581835764728,0.003977947039473554,0.0029834592329879596
COHFACE,P1D_lin,robust_zscore_only,160,1232.23125,1224.0,61.611562500000005,61.2,20.0,20.0,32.0,32.0,-1.8177710657637682,-2.269965748336606,2.396968923961789,2.4976691343132913,0.0,0.0,0.0421556724672872,0.0,0.0625,0.0,0.43494497807892357,0.46734307626477073,5.727397963657184,0.0,0.4167062599689606,0.4345408287163337,0.4167062599689605,0.4345408287163337,-0.2728125,-0.975,-0.1,-1.0,0.06909430245246603,0.05977623503251506,0.06909430245246603,0.05977623503251506,-0.3993749999999999,-0.75,-0.275,-1.0,0.22791666666666668,0.2,0.21583333333333332,0.2,0.012083333333333335,0.0,13.10405502821754,12.43192444362538,5.069025726158074,4.3923540111366375,0.25698011013611255,0.18551924925618435,0.011626526318556481,0.0037832764721136194,0.2749102375927421,0.24971207879001345,0.6668641705287055,0.6696471284760802,124130.76337498015,126993.58849069636,0.5860972206364747,0.31850218920930734,3.6155785735974284,3.4634950168508594,1.0,1.0,0.002461813606178414,0.002062599119127105,58.37367697717965,48.02200895763117,33.80615483182042,33.0581835764728,0.003977947039473554,0.0029834592329879596
COHFACE,P1D_lin,sign_align_only,160,1232.23125,1224.0,61.611562500000005,61.2,20.0,20.0,32.0,32.0,-3374.8504005741415,-66987.45868530027,109.84678322128477,58.38091484454441,-3374.6875,-67000.0,1.125,0.0,1.6679249999999997,0.0,0.0,0.0,169.5295684100629,0.0,0.2961277436235587,0.27088802797068323,0.2961277436235587,0.27088802797068323,0.10812500000000003,0.45,-0.2,-1.0,0.05181976725188581,0.03805691864309772,0.05181976725188581,0.03805691864309772,0.09812499999999999,0.1,-0.1,-1.0,0.23833333333333334,0.2,0.21583333333333332,0.2,0.022500000000000003,0.0,8228.621343322748,380.67542450149824,3.8101665781213585,2.808814677031026,0.33443353347841737,0.24203538754090992,0.01769258970664468,0.0035714379840117937,0.18445451214004382,0.10261606771915219,0.7609055964693875,0.8469131703344523,127503.59392204217,133975.41788901543,-0.012499999999999992,-0.9999999999999998,3.6155785735974284,3.4634950168508594,1.0,1.0,0.002461813606178414,0.002062599119127105,58.37367697717965,48.02200895763117,33.80615483182042,33.0581835764728,0.003977947039473554,0.0029834592329879596
COHFACE,P1D_quad,bandpass_only,160,1232.23125,1224.0,61.611562500000005,61.2,20.0,20.0,32.0,32.0,3825.343650774647,3949.2272462422407,13679.978029294003,14100.776965449331,16.633073221354216,11.167831273899896,345.6889438820903,348.09920270986623,512.518428199587,516.0918779376477,0.0,0.0,4918.412771638992,1488.8414858148487,0.22281687333602668,0.20327850657832053,0.22281687333602668,0.20327850657832056,-0.4484375,-1.0,-0.175,-1.0,0.18384030295834744,0.17846156718342804,0.18384030295834744,0.17846156718342804,0.09906249999999997,-0.07500000000000001,0.2625,1.0,0.13333333333333333,0.13333333333333333,0.21583333333333332,0.2,-0.08249999999999999,-0.06666666666666668,43271718.55138173,42836443.945995554,356.44202067211233,369.2834908434784,0.06813906754048453,0.06687972295623208,0.5416009771462508,0.5415172333456579,0.06460676993137496,0.06541340404187654,7.548645303172311e-05,7.101976327507158e-05,121079.02860557765,123846.38390457319,0.03140415164572848,0.02876753114056216,3.6155785735974284,3.4634950168508594,1.0,1.0,0.002461813606178414,0.002062599119127105,58.37367697717965,48.02200895763117,33.80615483182042,33.0581835764728,0.003977947039473554,0.0029834592329879596
COHFACE,P1D_quad,current_preprocess,160,1232.23125,1224.0,61.611562500000005,61.2,20.0,20.0,32.0,32.0,0.00916542450908379,0.00657090651189579,1.0712125698936124,1.0031593185299408,4.0215006753266042e-19,0.0,0.6744907594765951,0.6744907594765952,1.0,1.0,0.0037982775062556317,0.0,9.771248391504745,3.175576281150232,0.7236599254599178,0.7598455699654569,0.7236599254599178,0.7598455699654569,-0.1403125,0.35,0.05,1.0,0.696356437474452,0.7413475726631112,0.696356437474452,0.7413475726631112,-0.144375,0.3,0.0875,1.0,0.22583333333333333,0.2,0.21583333333333332,0.2,0.01,0.0,6.411183582250987,5.756157723539333,4.858012785482771,4.14008789212852,0.24137083851650049,0.15813139406323368,0.022321775921013292,0.009509212218436543,0.8425450114954781,0.8672336130023577,0.015358110822345122,0.009559363922658281,124129.2052927413,126994.46488414859,-0.02215504013552445,-0.26707515972542795,3.6155785735974284,3.4634950168508594,1.0,1.0,0.002461813606178414,0.002062599119127105,58.37367697717965,48.02200895763117,33.80615483182042,33.0581835764728,0.003977947039473554,0.0029834592329879596
COHFACE,P1D_quad,detrend_only,160,1232.23125,1224.0,61.611562500000005,61.2,20.0,20.0,32.0,32.0,1.7999729172763038e-13,2.2624122486771164e-12,175.49046752827525,136.88618561264627,4.539079004444784,6.246410220053804,47.47589198394262,39.99101976201928,70.38775745539333,59.29068589916977,0.0,0.0,708.4896395102234,178.63156445921496,0.4047451391018864,0.4279500081074233,0.4047451391018864,0.4279500081074233,0.011874999999999991,0.4,0.075,1.0,0.07332654407950824,0.06058731793810609,0.07332654407950824,0.06058731793810609,-0.04562499999999999,0.125,0.075,1.0,0.23041666666666663,0.2,0.21583333333333332,0.2,0.014583333333333334,0.0,60504.2985732548,25438.845186316972,4.380265762612588,3.5441230509966157,0.31613088778183157,0.22981462506961914,0.01067978788959809,0.0032167659014986864,0.2862174892449216,0.2624024791192239,0.6528072022498315,0.6566450906104662,124128.9029385718,126994.27341113688,0.9993281781481222,0.9997838797835505,3.6155785735974284,3.4634950168508594,1.0,1.0,0.002461813606178414,0.002062599119127105,58.37367697717965,48.02200895763117,33.80615483182042,33.0581835764728,0.003977947039473554,0.0029834592329879596
COHFACE,P1D_quad,helper_preprocess,160,1232.23125,1224.0,61.611562500000005,61.2,20.0,20.0,32.0,32.0,-7.087381242454414e-20,-1.0831501325143144e-18,1.0,1.0,0.09724721467624398,0.08972950222578548,0.655278868227089,0.6666332936166575,0.9715164500334821,0.9883505211160564,0.0,0.0,9.557224939314214,2.8235421491936425,0.7193434147691515,0.7562895545895941,0.7193434147691515,0.756289554589594,-0.155625,-0.07500000000000001,-0.025,-1.0,0.7012876408677347,0.7433469384889915,0.7012876408677347,0.7433469384889915,-0.1828125,0.175,0.0,0.0,0.22791666666666668,0.2,0.21583333333333332,0.2,0.012083333333333333,0.0,5.700048503472661,5.808960061935131,4.65754078612253,3.949814702758113,0.2577627963248739,0.1750897212301943,0.022812435255154313,0.00939654722063371,0.8467873198784772,0.8706978203252671,0.009462239593654494,0.006051644576928469,124129.21374943774,126994.44997806335,0.5382214202030113,0.5613657735816452,3.6155785735974284,3.4634950168508594,1.0,1.0,0.002461813606178414,0.002062599119127105,58.37367697717965,48.02200895763117,33.80615483182042,33.0581835764728,0.003977947039473554,0.0029834592329879596
COHFACE,P1D_quad,raw,160,1232.23125,1224.0,61.611562500000005,61.2,20.0,20.0,32.0,32.0,124128.90256847139,126994.27330933473,175.59348551152112,137.45572853646533,124135.4375,127000.0,47.125,40.0,69.86752499999999,59.303999999999995,0.0,0.0,656.6887285414684,178.41193410211363,0.4050974641224041,0.4172352058138461,0.4050974641224041,0.41723520581384604,-0.06000000000000002,0.15,-0.0125,-1.0,0.07332654407950832,0.06058731793810588,0.07332654407950832,0.06058731793810588,-0.04562499999999999,0.125,0.075,1.0,0.23041666666666663,0.2,0.21583333333333332,0.2,0.014583333333333334,0.0,60509.78977606457,25411.07940787617,4.38046253895469,3.543961025861358,0.3161538560112068,0.2298859463888379,0.010694724679609954,0.003224338749183387,0.28620616862657755,0.26236144425927943,0.6527866285433234,0.656974326000338,0.0,0.0,1.0,1.0,3.6155785735974284,3.4634950168508594,1.0,1.0,0.002461813606178414,0.002062599119127105,58.37367697717965,48.02200895763117,33.80615483182042,33.0581835764728,0.003977947039473554,0.0029834592329879596
COHFACE,P1D_quad,robust_zscore_only,160,1232.23125,1224.0,61.611562500000005,61.2,20.0,20.0,32.0,32.0,-0.1106353916746338,-0.11857841875733335,1.6997403172382242,1.6974649836489846,0.0,0.0,0.6744907594765951,0.6744907594765952,1.0,1.0,0.0414696835637602,0.033074855252274604,9.771248391504745,3.175576281150232,0.4513447376484126,0.46927408316347624,0.4513447376484125,0.46927408316347624,-0.14062500000000003,0.3,0.025,1.0,0.08095893118303393,0.06914253007648896,0.08095893118303393,0.06914253007648896,-0.18,0.07500000000000001,0.1125,1.0,0.225,0.2,0.21583333333333332,0.2,0.009166666666666667,0.0,6.7852518299063815,6.16016952040187,4.73650136678322,3.913214830845849,0.3042539861229896,0.22137008928821056,0.012494378337902078,0.003195828352553255,0.3215423206341192,0.31226823420369326,0.6090492586717987,0.5861693317845786,124129.32296011885,126994.53909699421,0.9083400785346493,0.9420118732097875,3.6155785735974284,3.4634950168508594,1.0,1.0,0.002461813606178414,0.002062599119127105,58.37367697717965,48.02200895763117,33.80615483182042,33.0581835764728,0.003977947039473554,0.0029834592329879596
COHFACE,P1D_quad,sign_align_only,160,1232.23125,1224.0,61.611562500000005,61.2,20.0,20.0,32.0,32.0,-10799.755577245647,-93989.83167352455,175.59348551152112,137.45572853646533,-10799.6875,-94000.0,47.125,40.0,69.86752499999999,59.303999999999995,0.0,0.0,656.6887285414684,178.41193410211363,0.4050974641224041,0.4172352058138461,0.4050974641224041,0.41723520581384604,-0.06000000000000002,0.15,0.0,0.0,0.07332654407950832,0.06058731793810588,0.07332654407950832,0.06058731793810588,-0.04562499999999999,0.125,0.0125,1.0,0.23041666666666663,0.2,0.21583333333333332,0.2,0.014583333333333334,0.0,60509.78977606457,25411.07940787617,4.38046253895469,3.543961025861358,0.3161538560112068,0.2298859463888379,0.010694724679609954,0.003224338749183387,0.28620616862657755,0.26236144425927943,0.6527866285433234,0.656974326000338,134929.1458185901,187980.0202797692,-0.0875,-0.9999999999999998,3.6155785735974284,3.4634950168508594,1.0,1.0,0.002461813606178414,0.002062599119127105,58.37367697717965,48.02200895763117,33.80615483182042,33.0581835764728,0.003977947039473554,0.0029834592329879596
