component,detachable_test,dataset_scope,why_included,reference_without_or_weakened,promoted_or_stronger_variant,reference_rate_MAE,promoted_rate_MAE,delta_rate_MAE,reference_rate_R,promoted_rate_R,delta_rate_R,reference_waveform_CCC,promoted_waveform_CCC,delta_waveform_CCC,reference_waveform_DTW,promoted_waveform_DTW,delta_waveform_DTW,reference_strict_CCC,promoted_strict_CCC,delta_strict_CCC,interpretation,paper_use,caveat
OF displacement bridge,OF raw vs OF_bridge under the same PARH readout,COHFACE,Converts velocity-like optical flow into a displacement-compatible observation.,OF + PARH,OF_bridge + PARH,,,,,,,,,,,,,,,,"Construction-level evidence: the final package uses OF/OF_bridge inside the joint observation law, while direct family rows are not regenerated in the integrated final run.",Observation-family construction evidence.,Use T2 and observability audits for final-package interpretation; do not overclaim standalone OF_bridge dominance.
DoF signed-motion bridge,DoF raw vs DoF_bridge under the same PARH readout,COHFACE; MAHNOB-HCI,Turns nonnegative burst energy into a signed coarse motion trajectory.,DoF + PARH,DoF_bridge + PARH,,,,,,,,,,,,,,,,"Construction-level evidence: DoF_bridge is retained as a hard-regime signed-motion probe, not as the main morphology path.",Hard-regime observation-construction evidence.,
P1D consensus,best single P1D harmonic vs P1D_cons under the same PARH readout,COHFACE,Aggregates linear/quadratic/cubic profile surrogates to test cross-interpolation stability.,P1D_quad + PARH,P1D_cons + PARH,,,,,,,,,,,,,,,,"Construction-level evidence: P1D_cons is retained as a stable consensus observation inside the joint law, not as a claim that consensus alone dominates.",Constructed-family value and boundary.,
standard resonator Kalman comparator,best single Base vs best single OSSM-KF,MAHNOB-HCI,Tests what is gained by simply attaching an oscillator and standard Kalman filtering.,best single Base,best single OSSM-KF,,,,,,,,,,,,,,,,Comparator-boundary evidence: OSSM-KF is a reference timing channel; the integrated final package does not treat it as the proposed adaptive observation law.,Comparator baseline and no-black-box-control boundary.,
integrated final PARH-OSSM package,COHFACE final package vs MAHNOB hard-regime final package,COHFACE; MAHNOB,Separates strong within-dataset behavior from hard-regime target limitations without hiding failures.,COHFACE final PARH-OSSM,MAHNOB final PARH-OSSM,0.280,3.365,3.085,0.920,0.280,-0.640,0.883,0.335,-0.548,0.329,0.682,0.353,,,,The final model is strong on COHFACE but still limited on MAHNOB; this row supports the paper's observability/target-shift claim boundary.,Final-package performance boundary.,"This is a dataset-shift comparison, not an ablation improvement row."
target-local adaptive observation law,shared observation law vs local adaptive observation law,COHFACE ablation,Avoids assuming that one fixed observation operator is reliable for every person/environment.,shared_observation_law,adaptive_observation_law,,0.340,,,0.790,,,0.844,,,0.332,,,0.611,,Rate and strict morphology improve when the observation law becomes local; waveform CCC tradeoff motivates decoupled readouts.,Core adaptive-law ablation.,"If the paired shared-law row is unavailable, use this as a design-boundary row rather than a numeric delta."
decoupled timing and morphology readouts,rate expert vs decoupled z_osc/z_full system,COHFACE ablation,Respiratory timing and waveform morphology are related but not the same optimization target.,PARH rate expert,decoupled system,0.145,0.145,0.000,0.900,0.900,0.000,0.890,0.919,0.029,0.316,0.275,-0.041,0.144,0.850,0.705,"The decoupled readout improves rate MAE, waveform CCC, and strict CCC together; this is the strongest evidence for the final architecture.",Main architecture ablation.,
waveform-specialized expert boundary,waveform-only expert vs decoupled system,COHFACE ablation,Tests whether maximizing morphology alone can replace timing-aware estimation.,waveform expert only,decoupled system,0.620,0.145,-0.475,0.785,0.900,0.115,0.919,0.919,0.000,0.275,0.275,0.000,0.850,0.850,0.000,Waveform-only is competitive for morphology but much worse for rate; this defends not collapsing the paper to a waveform fitter.,Readout specialization boundary.,
robust fallback policy,decoupled system vs consistency-first robust fallback,COHFACE ablation,Tests whether a conservative fallback should be promoted as the default output.,decoupled system,robust fallback,0.145,,,0.900,,,0.919,,,0.275,,,0.850,,,"No live final-package robust row is required for the promoted model; keep fallback as diagnostic/hard-regime policy, not the default claim.",Prevents overclaiming fallback variants.,
