dataset,family,variant,method,source_layer,rate_source,rate_MAE,rate_RMSE,rate_PearsonR,rate_N,waveform_CCC,waveform_MAE,waveform_DTW,waveform_N,strict_CCC,strict_MAE,strict_RMSE,strict_DTW,strict_NMAE_span,strict_NRMSE_span,strict_NDTW_span,strict_N,cycle_ppi_mae_s,cycle_ie_abs_err,diag_NIS_Mean,diag_NIS_InBand,diag_Lambda_Mean,diag_Stability_Sec,diag_N
COHFACE,OF,Base,of_farneback,20260409_cohface_allfamily_full_dataset,signal_spectral,0.2900,0.3900,0.8900,160,0.7111,0.5758,0.4520,160,0.0069,0.2358,0.2689,0.2322,0.2834,0.3281,0.2765,160,0.9136,0.2174,,,,,160
COHFACE,OF,OSSM-KF,of_farneback__kfstd,20260409_cohface_allfamily_full_dataset,track_hz,0.5500,0.6550,0.7300,160,0.7745,0.5098,0.4061,160,0.0904,0.8701,1.1234,0.6497,1.0501,1.3431,0.8121,160,0.6658,0.1430,,,,60.4000,160
COHFACE,OF,family_PARH,of_farneback__parh_ossm,20260409_cohface_allfamily_full_dataset,track_hz,0.5150,0.5650,0.7350,160,0.7893,0.5058,0.4028,160,0.0885,0.9347,1.1577,0.6860,1.0435,1.3683,0.8496,160,0.7275,0.1987,0.9366,0.9278,1.0198,9.8500,160
COHFACE,OF_bridge,Base,of_disp_bridge,20260409_cohface_allfamily_full_dataset,signal_spectral,0.2450,0.3250,0.9000,160,0.6850,0.6290,0.4658,160,-0.0239,0.2497,0.2957,0.2342,0.2975,0.3409,0.2786,160,0.7231,0.4941,,,,,160
COHFACE,OF_bridge,OSSM-KF,of_disp_bridge__kfstd,20260409_cohface_allfamily_full_dataset,track_hz,0.2600,0.3400,0.8300,160,0.7237,0.5780,0.4378,160,-0.3256,1.0433,1.3196,0.6270,1.1955,1.5727,0.7299,160,0.6941,0.3284,,,,59.8000,160
COHFACE,OF_bridge,family_PARH,of_disp_bridge__parh_ossm,20260409_cohface_allfamily_full_dataset,track_hz,0.2700,0.3550,0.8500,160,0.7352,0.5791,0.4304,160,-0.3368,1.0450,1.3126,0.6216,1.1986,1.5742,0.7320,160,0.6654,0.3500,0.8400,0.9495,1.0146,17.0500,160
COHFACE,DoF,Base,DoF,20260409_cohface_allfamily_full_dataset,signal_spectral,2.4000,4.0150,0.3700,160,0.4375,0.7918,0.5509,160,0.0002,347.0568,537.4422,347.4034,377.8282,566.5448,377.5698,160,1.8646,0.2647,,,,,160
COHFACE,DoF,OSSM-KF,dof__kfstd,20260409_cohface_allfamily_full_dataset,track_hz,3.1100,3.2500,0.3000,160,0.5960,0.7097,0.4607,160,0.1758,0.6634,0.8306,0.5294,0.7435,0.9378,0.6243,160,1.3854,0.2144,,,,26.5250,160
COHFACE,DoF,family_PARH,dof__parh_ossm,20260409_cohface_allfamily_full_dataset,track_hz,2.1950,2.3600,0.3750,160,0.5843,0.7237,0.4685,160,0.1770,0.6653,0.8340,0.5315,0.7568,0.9459,0.6202,160,1.4396,0.2100,0.8913,0.9570,1.0091,41.1750,160
COHFACE,DoF_bridge,Base,dof_disp_bridge,20260409_cohface_allfamily_full_dataset,signal_spectral,1.9900,3.1450,0.3600,160,0.5599,0.7315,0.4939,160,-0.0206,0.2461,0.2881,0.2162,0.2959,0.3419,0.2580,160,1.6654,0.3138,,,,,160
COHFACE,DoF_bridge,OSSM-KF,dof_disp_bridge__kfstd,20260409_cohface_allfamily_full_dataset,track_hz,2.6750,2.8450,0.2550,160,0.6636,0.6641,0.4445,160,-0.0755,0.7698,0.9389,0.5115,0.8301,1.0410,0.6078,160,1.2862,0.2455,,,,44.2500,160
COHFACE,DoF_bridge,family_PARH,dof_disp_bridge__parh_ossm,20260409_cohface_allfamily_full_dataset,track_hz,1.8350,2.2450,0.3600,160,0.6501,0.6716,0.4489,160,-0.0732,0.7671,0.9352,0.5135,0.8334,1.0423,0.6115,160,1.3542,0.2419,0.8777,0.9602,1.0125,60.4000,160
COHFACE,P1D_lin,Base,profile1D linear,20260409_cohface_allfamily_full_dataset,signal_spectral,0.3350,0.4350,0.8400,160,0.5778,0.6550,0.5310,160,0.0062,6.6385,11.3688,6.5408,8.9027,14.8545,8.7368,160,1.1058,0.1456,,,,,160
COHFACE,P1D_lin,OSSM-KF,profile1d_linear__kfstd,20260409_cohface_allfamily_full_dataset,track_hz,0.6200,0.8150,0.6400,160,0.6959,0.5496,0.4431,160,0.0823,0.7869,1.1120,0.5638,0.9020,1.2061,0.6870,160,0.7208,0.0941,,,,52.3000,160
COHFACE,P1D_lin,family_PARH,profile1d_linear__parh_ossm,20260409_cohface_allfamily_full_dataset,track_hz,0.4850,0.6100,0.7300,160,0.7055,0.5635,0.4310,160,0.0844,0.7854,1.0639,0.5505,0.8867,1.1283,0.6391,160,0.7334,0.1143,0.8405,0.9417,1.0171,60.4000,160
COHFACE,P1D_quad,Base,profile1D quadratic,20260409_cohface_allfamily_full_dataset,signal_spectral,0.1950,0.2700,0.9500,160,0.8114,0.4837,0.3676,160,0.0017,52.8943,66.0187,53.0507,53.4019,68.3973,52.9602,160,0.7175,0.1809,,,,,160
COHFACE,P1D_quad,OSSM-KF,profile1d_quadratic__kfstd,20260409_cohface_allfamily_full_dataset,track_hz,0.4850,0.5800,0.8000,160,0.8524,0.4169,0.3420,160,0.1192,0.7524,0.9169,0.5543,0.8671,1.0653,0.6370,160,0.5336,0.1106,,,,60.4500,160
COHFACE,P1D_quad,family_PARH,profile1d_quadratic__parh_ossm,20260409_cohface_allfamily_full_dataset,track_hz,0.3000,0.3750,0.8900,160,0.8491,0.4265,0.3464,160,0.1201,0.7646,0.9230,0.5563,0.8707,1.0794,0.6388,160,0.5138,0.1276,0.8324,0.9532,1.0129,60.5500,160
COHFACE,P1D_cub,Base,profile1D cubic,20260409_cohface_allfamily_full_dataset,signal_spectral,0.2200,0.2750,0.9400,160,0.8059,0.4895,0.3708,160,0.0017,51.3996,63.6397,51.3608,51.9310,66.5860,51.7762,160,0.7133,0.1743,,,,,160
COHFACE,P1D_cub,OSSM-KF,profile1d_cubic__kfstd,20260409_cohface_allfamily_full_dataset,track_hz,0.5000,0.6050,0.7900,160,0.8488,0.4198,0.3442,160,0.1191,0.7583,0.9379,0.5583,0.8802,1.0728,0.6444,160,0.5710,0.1153,,,,60.4500,160
COHFACE,P1D_cub,family_PARH,profile1d_cubic__parh_ossm,20260409_cohface_allfamily_full_dataset,track_hz,0.3000,0.3800,0.8700,160,0.8464,0.4311,0.3491,160,0.1188,0.7734,0.9366,0.5593,0.8856,1.0798,0.6408,160,0.5670,0.1269,0.8333,0.9557,1.0125,60.5000,160
COHFACE,P1D_cons,Base,profile1d_consensus,20260409_cohface_allfamily_full_dataset,signal_spectral,0.2200,0.3000,0.9200,160,0.7859,0.4819,0.3953,160,0.1044,0.8079,1.0325,0.5928,0.9488,1.2200,0.7242,160,0.6018,0.1247,,,,,160
COHFACE,P1D_cons,OSSM-KF,profile1d_consensus__kfstd,20260409_cohface_allfamily_full_dataset,track_hz,0.4450,0.5500,0.7800,160,0.8227,0.4382,0.3636,160,0.1084,0.7629,0.9323,0.5383,0.8807,1.1200,0.6483,160,0.5062,0.1008,,,,60.4500,160
COHFACE,P1D_cons,family_PARH,profile1d_consensus__parh_ossm,20260409_cohface_allfamily_full_dataset,track_hz,0.2850,0.3600,0.8300,160,0.8247,0.4433,0.3689,160,0.1111,0.7654,0.9293,0.5389,0.8763,1.1054,0.6340,160,0.5104,0.0996,0.8249,0.9616,1.0107,60.5000,160
COHFACE,PARH-OSSM,PARH-OSSM,parh_ossm,final_full_validation/cohface,track_hz,0.3350,0.4100,0.8550,160,0.8585,0.4234,0.3475,160,0.1566,0.5043,0.5811,0.3024,0.5485,0.6202,0.2920,160,0.3466,0.0904,0.9359,1.0000,1.0456,60.9250,160
MAHNOB,OF,Base,of_farneback,20260409_mahnob_allfamily_full_dataset,signal_spectral,6.2300,7.5300,-0.0100,525,0.3447,0.9426,0.6610,490,0.0000,916.1782,1331.2683,897.3261,0.1872,0.2658,0.1794,525,1.4312,0.3535,,,,,525
MAHNOB,OF,OSSM-KF,of_farneback__kfstd,20260409_mahnob_allfamily_full_dataset,track_hz,3.3200,4.0100,-0.0400,525,0.3469,0.9448,0.6712,490,0.0000,916.1303,1331.2607,897.2642,0.1872,0.2658,0.1794,525,1.2880,0.3242,,,,117.9505,525
MAHNOB,OF,family_PARH,of_farneback__parh_ossm,20260409_mahnob_allfamily_full_dataset,track_hz,3.7100,4.4100,0.0000,525,0.3062,0.9682,0.6940,490,0.0000,916.2172,1331.2697,897.2323,0.1872,0.2658,0.1794,525,1.3541,0.3197,0.9757,0.9302,1.0285,7.9344,525
MAHNOB,OF_bridge,Base,of_disp_bridge,20260409_mahnob_allfamily_full_dataset,signal_spectral,7.0900,7.9900,-0.0100,525,0.4450,0.9222,0.6345,490,0.0000,916.1780,1331.2676,897.3279,0.1872,0.2658,0.1794,525,1.8255,0.4258,,,,,525
MAHNOB,OF_bridge,OSSM-KF,of_disp_bridge__kfstd,20260409_mahnob_allfamily_full_dataset,track_hz,4.8800,5.4500,-0.0500,525,0.4306,0.9340,0.6500,490,0.0000,916.2414,1331.2412,897.3831,0.1872,0.2658,0.1794,525,1.9059,0.3651,,,,117.9505,525
MAHNOB,OF_bridge,family_PARH,of_disp_bridge__parh_ossm,20260409_mahnob_allfamily_full_dataset,track_hz,4.9400,5.4800,-0.0300,525,0.4161,0.9350,0.6547,490,0.0000,916.2478,1331.2438,897.3851,0.1872,0.2658,0.1794,525,1.7586,0.3578,0.9395,0.9531,1.0248,18.7049,525
MAHNOB,DoF,Base,DoF,20260409_mahnob_allfamily_full_dataset,signal_spectral,5.4200,6.6300,-0.0500,525,0.4011,0.7924,0.5585,525,-0.0004,995.5045,1434.1923,755.2080,0.2060,0.2862,0.1555,525,1.4783,0.3194,,,,,525
MAHNOB,DoF,OSSM-KF,dof__kfstd,20260409_mahnob_allfamily_full_dataset,track_hz,2.9700,3.5200,-0.1700,525,0.4264,0.7890,0.5580,525,0.0000,915.7365,1331.3140,897.3390,0.1872,0.2658,0.1794,525,1.4615,0.3213,,,,117.9505,525
MAHNOB,DoF,family_PARH,dof__parh_ossm,20260409_mahnob_allfamily_full_dataset,track_hz,2.9300,3.4800,-0.0800,525,0.4001,0.8033,0.5706,525,0.0000,915.7742,1331.3149,897.3373,0.1872,0.2658,0.1794,525,1.3583,0.3139,0.9493,0.9434,1.0323,117.9505,525
MAHNOB,DoF_bridge,Base,dof_disp_bridge,20260409_mahnob_allfamily_full_dataset,signal_spectral,5.1700,6.4100,-0.0600,525,0.3938,0.9567,0.7035,525,0.0000,916.1782,1331.2685,897.3254,0.1872,0.2658,0.1794,525,1.2362,0.3561,,,,,525
MAHNOB,DoF_bridge,OSSM-KF,dof_disp_bridge__kfstd,20260409_mahnob_allfamily_full_dataset,track_hz,2.8700,3.4500,-0.0600,525,0.3485,0.9216,0.6742,525,0.0000,916.1938,1331.2345,897.1933,0.1872,0.2658,0.1794,525,1.1735,0.2875,,,,117.9505,525
MAHNOB,DoF_bridge,family_PARH,dof_disp_bridge__parh_ossm,20260409_mahnob_allfamily_full_dataset,track_hz,2.8000,3.3800,-0.0200,525,0.3309,0.9280,0.6860,525,0.0000,916.1902,1331.2335,897.1943,0.1872,0.2658,0.1794,525,1.1433,0.2843,0.9208,0.9470,1.0315,117.9505,525
MAHNOB,P1D_lin,Base,profile1D linear,20260409_mahnob_allfamily_full_dataset,signal_spectral,6.3600,7.7400,-0.0200,488,0.3562,0.9116,0.6089,488,0.0020,1252.6170,1825.1082,926.5656,0.2371,0.3374,0.1714,488,1.6752,0.4029,,,,,488
MAHNOB,P1D_lin,OSSM-KF,profile1d_linear__kfstd,20260409_mahnob_allfamily_full_dataset,track_hz,3.7600,4.4000,-0.0450,488,0.3419,0.9206,0.6517,488,0.0000,908.5176,1325.7655,894.1747,0.1866,0.2670,0.1792,488,1.4353,0.3459,,,,117.9671,488
MAHNOB,P1D_lin,family_PARH,profile1d_linear__parh_ossm,20260409_mahnob_allfamily_full_dataset,track_hz,3.6800,4.3450,0.0400,488,0.3212,0.9346,0.6650,488,0.0000,908.5224,1325.7540,894.1727,0.1866,0.2670,0.1792,488,1.3895,0.3232,0.9438,0.9356,1.0384,117.9671,488
MAHNOB,P1D_quad,Base,profile1D quadratic,20260409_mahnob_allfamily_full_dataset,signal_spectral,6.6000,8.0250,-0.0300,488,0.3522,0.9116,0.6020,488,0.0007,1255.4977,1812.1331,933.8546,0.2363,0.3384,0.1719,488,1.6851,0.3888,,,,,488
MAHNOB,P1D_quad,OSSM-KF,profile1d_quadratic__kfstd,20260409_mahnob_allfamily_full_dataset,track_hz,4.3250,4.9100,-0.0200,488,0.3453,0.9105,0.6398,488,0.0000,908.5173,1325.7497,894.1736,0.1866,0.2669,0.1792,488,1.4037,0.3395,,,,117.9671,488
MAHNOB,P1D_quad,family_PARH,profile1d_quadratic__parh_ossm,20260409_mahnob_allfamily_full_dataset,track_hz,3.4000,4.0450,-0.0150,488,0.3346,0.9190,0.6504,488,0.0000,908.5180,1325.7484,894.1748,0.1866,0.2669,0.1792,488,1.3714,0.3385,0.9459,0.9433,1.0238,117.9671,488
MAHNOB,P1D_cub,Base,profile1D cubic,20260409_mahnob_allfamily_full_dataset,signal_spectral,6.5350,8.0450,-0.0350,488,0.3575,0.9105,0.6022,488,0.0006,1255.4300,1823.4143,938.2690,0.2367,0.3386,0.1721,488,1.6885,0.3908,,,,,488
MAHNOB,P1D_cub,OSSM-KF,profile1d_cubic__kfstd,20260409_mahnob_allfamily_full_dataset,track_hz,4.3400,4.9150,-0.0100,488,0.3423,0.9153,0.6455,488,0.0000,908.5181,1325.7594,894.1742,0.1866,0.2669,0.1792,488,1.4020,0.3463,,,,117.9671,488
MAHNOB,P1D_cub,family_PARH,profile1d_cubic__parh_ossm,20260409_mahnob_allfamily_full_dataset,track_hz,3.4400,4.0150,0.0200,488,0.3330,0.9187,0.6519,488,0.0000,908.5188,1325.7573,894.1754,0.1866,0.2669,0.1792,488,1.3456,0.3326,0.9460,0.9440,1.0237,117.9671,488
MAHNOB,P1D_cons,Base,profile1d_consensus,20260409_mahnob_allfamily_full_dataset,signal_spectral,5.7500,6.9900,-0.0200,488,0.3739,0.9070,0.6213,488,0.0000,908.5165,1325.6539,894.1710,0.1866,0.2669,0.1792,488,1.4908,0.3573,,,,,488
MAHNOB,P1D_cons,OSSM-KF,profile1d_consensus__kfstd,20260409_mahnob_allfamily_full_dataset,track_hz,3.3200,3.8900,0.0000,488,0.3550,0.9132,0.6501,488,0.0000,908.5149,1325.7693,894.1711,0.1866,0.2670,0.1792,488,1.3944,0.3323,,,,117.9671,488
MAHNOB,P1D_cons,family_PARH,profile1d_consensus__parh_ossm,20260409_mahnob_allfamily_full_dataset,track_hz,3.4000,3.9850,-0.0350,488,0.3538,0.9121,0.6498,488,0.0000,908.5144,1325.7679,894.1738,0.1866,0.2670,0.1792,488,1.3513,0.3226,0.9303,0.9556,1.0174,117.9671,488
MAHNOB,PARH-OSSM,PARH-OSSM,parh_ossm,final_full_validation/mahnob_tailaligned,track_hz,2.4100,2.9200,0.2300,525,0.3417,0.9103,0.6607,525,0.0000,1354.2345,3122.7410,1349.6427,0.2580,0.5073,0.2568,525,1.4798,0.2687,0.9871,1.0000,1.0667,90.3770,525
