group,path,required,exists,size_or_child_count,note
execution_contract,execute.md,True,True,16011,single paper-facing full command ledger
dataset_scope,analysis/rr_dataset_symlink_audit.csv,True,True,503,raw dataset symlink audit
dataset_scope,analysis/rr_dataset_scope.csv,True,True,1466,dataset claim-scope audit
dataset_scope,analysis/rr_experiment_blueprint.md,True,True,2481,dataset role blueprint
runtime_profile,analysis/final_resource_profile.json,False,False,0,optional local hardware/runtime profile captured by setup/auto_profile.py
external_weak_evidence,analysis/v4v_rr_rate_manifest.csv,True,True,191289,V4V rate-only manifest
external_weak_evidence,analysis/scamps_rr_synthetic_manifest.csv,True,True,378149,SCAMPS synthetic manifest
external_weak_evidence,analysis/dataset_rate_distribution_eda.csv,True,True,517125,four-dataset rate-distribution EDA source
external_weak_evidence,analysis/dataset_distribution_eda.csv,True,True,1007,four-dataset distribution EDA summary
external_weak_evidence,analysis/dataset_distribution_eda.md,True,True,1328,four-dataset distribution EDA report
external_weak_evidence,analysis/scamps_rr_signal_eda.csv,True,True,803693,SCAMPS synthetic breathing-signal EDA source
external_weak_evidence,analysis/external_weak_evidence_audit.csv,True,True,1131,external weak-evidence audit
external_weak_evidence,analysis/external_weak_evidence_audit.md,True,True,1821,external weak-evidence report
guard,analysis/pre_full_design_boundary_check.md,True,True,35943,design-boundary guard
guard,analysis/pre_full_design_boundary_check.json,True,True,58197,design-boundary machine-readable guard
guard,analysis/pre_full_learning_boundary_check.md,True,True,9978,learning-boundary guard
guard,analysis/pre_full_learning_boundary_check.csv,True,True,6368,learning-boundary machine-readable guard
guard,analysis/pre_full_paper_contract_audit.md,True,True,5924,paper/execute/index contract guard
guard,analysis/pre_full_paper_contract_audit.csv,True,True,5067,paper/execute/index contract machine-readable guard
guard,analysis/paper_code_consistency_audit.md,True,True,9223,paper/code/table-ready consistency guard
guard,analysis/paper_code_consistency_audit.csv,True,True,7871,paper/code/table-ready consistency machine-readable guard
guard,analysis/final_submission_gap_audit.md,True,True,4013,submission gap audit after baseline/comparator refresh
guard,analysis/final_submission_gap_audit.csv,True,True,3245,machine-readable submission gap audit
guard,analysis/final_metric_provenance_audit.md,True,True,24855,headline metric provenance audit
guard,analysis/final_metric_provenance_audit.csv,True,True,23022,machine-readable headline metric provenance audit
guard,analysis/final_split_and_leakage_audit.md,True,True,1135,split/leakage audit for final comparison package
guard,analysis/final_split_and_leakage_audit.csv,True,True,974,machine-readable split/leakage audit
guard,analysis/final_reference_and_format_audit.md,True,True,520,Scientific Reports reference/format audit
guard,analysis/final_reference_and_format_audit.csv,True,True,363,machine-readable reference/format audit
guard,analysis/final_reproducibility_audit.md,True,True,428,release/reproducibility audit
guard,analysis/final_reproducibility_audit.csv,True,True,311,machine-readable release/reproducibility audit
target_reliability,analysis/final_priors/cohface_mahnob_target_computable_reliability_windowed.csv,True,True,29085258,windowed GT-free COHFACE/MAHNOB reliability priors
target_reliability,analysis/final_priors/mahnob_target_computable_reliability_windowed.csv,True,True,25269354,windowed MAHNOB readout reliability priors
target_reliability,analysis/final_priors/mahnob_state_component_reliability_windowed.csv,True,True,25269354,windowed MAHNOB state-role reliability priors
main_real_run,results/final_full_validation/cohface/data,True,True,160,COHFACE full-dataset real waveform/rate run data
main_real_run,results/final_full_validation/cohface/metrics,True,True,34,COHFACE full-dataset real waveform/rate metrics
main_real_run,results/final_full_validation/cohface/metrics/activation_audit_raw.csv,True,True,102034,COHFACE final-path activation audit
main_real_run,results/final_full_validation/cohface/metrics/activation_audit_summary.json,True,True,392,COHFACE final-path activation summary
main_real_run,results/final_full_validation/mahnob_tailaligned/data,True,True,525,MAHNOB full-dataset hard-regime run data
main_real_run,results/final_full_validation/mahnob_tailaligned/metrics,True,True,34,MAHNOB full-dataset hard-regime metrics
main_real_run,results/final_full_validation/mahnob_tailaligned/metrics/activation_audit_raw.csv,True,True,343732,MAHNOB final-path activation audit
main_real_run,results/final_full_validation/mahnob_tailaligned/metrics/activation_audit_summary.json,True,True,391,MAHNOB final-path activation summary
post_run_audit,analysis/final_cohface_rate_source_decomposition.csv,True,True,227291,COHFACE rate-source audit
post_run_audit,analysis/final_cohface_rate_source_decomposition.md,True,True,14394,COHFACE rate-source report
post_run_audit,analysis/final_mahnob_tailaligned_rate_source_decomposition.csv,True,True,737288,MAHNOB rate-source audit
post_run_audit,analysis/final_mahnob_tailaligned_rate_source_decomposition.md,True,True,14305,MAHNOB rate-source report
post_run_audit,analysis/final_mahnob_tailaligned_observability_failure_modes.csv,True,True,646648,MAHNOB observability taxonomy source
post_run_audit,analysis/final_mahnob_tailaligned_observability_failure_modes.md,True,True,7556,MAHNOB observability taxonomy report
post_run_audit,analysis/final_baseline_comparator_refresh.csv,True,True,12164,same-trial baseline/comparator refresh source
post_run_audit,analysis/final_baseline_comparator_refresh.md,True,True,15659,same-trial baseline/comparator refresh report
post_run_audit,analysis/final_statistical_comparison.csv,True,True,2328,paired comparison/effect-size source
post_run_audit,analysis/final_statistical_comparison.md,True,True,2836,paired comparison/effect-size report
post_run_audit,analysis/final_baseline_comparison_interpretation.md,True,True,1905,baseline/comparator interpretation
post_run_audit,analysis/final_submission_claim_boundary.md,True,True,1220,claim boundary after final comparison refresh
post_run_audit,analysis/final_reviewer_risk_response.md,True,True,1156,reviewer-facing risk response
post_run_audit,analysis/final_scientific_lessons.md,True,True,8091,final scientific lessons for discussion/limitations
tables,paper/tables_ready/T1_dataset_protocol_scope.csv,True,True,1466,main dataset scope table
tables,paper/tables_ready/T2_observation_class_map.csv,True,True,1935,observation-class table
tables,paper/tables_ready/T3_rate_main.csv,True,True,914,main rate table
tables,paper/tables_ready/T4_waveform_main.csv,True,True,772,main waveform table
tables,paper/tables_ready/T4b_waveform_strict.csv,True,True,1264,strict waveform companion
tables,paper/tables_ready/T4c_cycle_main.csv,True,True,1002,cycle companion
tables,paper/tables_ready/T5_component_ablation_evidence.csv,True,True,4818,component ablation evidence
tables,paper/tables_ready/T5_operator_alignment_ablation.csv,True,True,1070,operator-alignment ablation
tables,paper/tables_ready/T6_diagnostics_main.csv,True,True,664,diagnostic table
tables,paper/tables_ready/T7_observability_failure_taxonomy.csv,True,True,2154,observability taxonomy table
tables,paper/tables_ready/S_T_dataset_distribution_eda.csv,True,True,1007,four-dataset distribution EDA table
tables,paper/tables_ready/S_T_external_rr_manifest_summary.csv,True,True,265,external manifest summary
tables,paper/tables_ready/S_T_external_weak_evidence_audit.csv,True,True,1131,external weak-evidence audit table
tables,paper/tables_ready/S_T_rr_ablation_design_contract.csv,True,True,1982,ablation design contract
tables,paper/tables_ready/S_T_final_observation_class_comparison.csv,True,True,12671,supplementary observation-class baseline/comparator/PARH comparison
figures,paper/figures/F1_architecture.pdf,True,True,1405038,architecture figure
figures,paper/figures/F2_dataset_and_observation_regime.pdf,True,True,109114,dataset/observation regime figure
figures,paper/figures/F3_rate_observation_class_summary.pdf,True,True,17835,rate observation-class summary
figures,paper/figures/F4_waveform_overlay_grid.pdf,True,True,363584,current waveform overlay asset
figures,paper/figures/F5_mechanism_activation.pdf,True,True,20054,all-base full-dataset comparison ladder
figures,paper/figures/F6_failure_cases.pdf,True,True,54838,failure case figure
figures,paper/figures/S_F15_cohface_observation_class_overlay_atlas.pdf,True,True,142637,COHFACE observation-class supplementary overlay atlas
figures,paper/figures/S_F16_mahnob_observation_class_overlay_atlas.pdf,True,True,348768,MAHNOB-HCI observation-class supplementary overlay atlas
figures,paper/figures/S_F_rr_dataset_scope_map.pdf,True,True,15789,dataset scope supplementary figure
figures,paper/figures/S_F_dataset_distribution_eda.pdf,True,True,19565,four-dataset distribution supplementary figure
figures,paper/figures/S_F_external_weak_evidence_summary.pdf,True,True,14535,external weak-evidence supplementary figure
figures,paper/figures/S_F_component_ablation_evidence.pdf,True,True,20050,component ablation supplementary figure
manifests,paper/manifests/f4_allbase_same_trial_overlay_manifest.csv,True,True,8597,main same-trial all-base overlay manifest
manifests,paper/manifests/s_f15_cohface_observation_class_overlay_manifest.csv,True,True,5487,COHFACE observation-class overlay manifest
manifests,paper/manifests/s_f16_mahnob_observation_class_overlay_manifest.csv,True,True,5617,MAHNOB-HCI observation-class overlay manifest
manuscript,paper/main.tex,True,True,67044,paper source
manuscript,paper/main.pdf,True,True,2121809,compiled paper PDF
manuscript,paper/supplementary_information.tex,True,True,15106,supplementary information source
manuscript,paper/supplementary_information.pdf,True,True,3319151,compiled supplementary information PDF
submission,analysis/final_submission_package_audit.md,True,True,5621,final submission package audit
submission,analysis/final_submission_package_audit.csv,True,True,4986,machine-readable final submission package audit
submission,analysis/final_manual_review_checklist.md,True,True,2128,manual reviewer checklist before submission
